Unnamed: 0.1,Unnamed: 0,date,sleep_hours
0,0,2015-02-19,6.4
1,1,2015-02-20,7.583333333333333
2,2,2015-02-21,6.35
3,3,2015-02-22,6.5
4,4,2015-02-23,8.916666666666666
5,5,2015-02-24,6.6
6,6,2015-02-25,6.216666666666667
7,7,2015-02-26,5.283333333333333
8,8,2015-02-27,9.866666666666667
9,9,2015-02-28,5.966666666666667
10,10,2015-03-01,7.4
11,11,2015-03-02,6.083333333333333
12,12,2015-03-03,7.066666666666666
13,13,2015-03-04,6.95
14,14,2015-03-08,7.033333333333333
15,15,2015-03-10,7.433333333333334
16,16,2015-03-11,6.566666666666666
17,17,2015-03-12,6.283333333333333
18,18,2015-03-14,7.85
19,19,2015-03-15,6.566666666666666
20,20,2015-03-16,5.916666666666667
21,21,2015-03-17,9.916666666666666
22,22,2015-03-21,7.566666666666666
23,23,2015-03-22,7.9
24,24,2015-03-26,9.95
25,25,2015-04-03,7.066666666666666
26,26,2015-04-06,6.616666666666666
27,27,2015-04-10,6.95
28,28,2015-04-16,6.05
29,29,2015-04-22,8.066666666666666
30,30,2015-04-26,6.566666666666666
31,31,2015-05-03,7.05
32,32,2015-05-04,9.183333333333334
33,33,2015-05-05,3.1333333333333333
34,34,2015-05-06,5.933333333333334
35,35,2015-05-09,6.916666666666667
36,36,2015-05-12,6.983333333333333
37,37,2015-05-15,7.8
38,38,2015-05-18,6.116666666666666
39,39,2015-05-19,5.6
40,40,2015-05-20,6.5
41,41,2015-05-23,12.1
42,42,2015-06-08,6.283333333333333
43,43,2015-06-09,5.833333333333333
44,44,2015-06-10,10.033333333333331
45,45,2015-07-05,5.983333333333333
46,46,2015-07-06,7.05
47,47,2015-07-07,6.466666666666667
48,48,2015-07-17,6.9
49,49,2015-07-18,7.116666666666666
50,50,2015-07-19,6.366666666666666
51,51,2015-07-20,5.166666666666667
52,52,2015-07-21,7.85
53,53,2015-07-22,5.916666666666667
54,54,2015-07-23,6.916666666666667
55,55,2015-07-24,6.45
56,56,2015-07-25,7.783333333333333
57,57,2015-07-28,6.683333333333334
58,58,2015-07-29,6.85
59,59,2015-07-30,6.483333333333333
60,60,2015-07-31,6.833333333333333
61,61,2015-08-01,8.066666666666666
62,62,2015-08-02,6.05
63,63,2015-08-03,6.816666666666666
64,64,2015-08-04,7.1
65,65,2015-08-05,5.566666666666666
66,66,2015-08-06,7.25
67,67,2015-08-07,7.416666666666667
68,68,2015-08-08,4.516666666666667
69,69,2015-08-09,5.95
70,70,2015-08-10,7.083333333333333
71,71,2015-08-11,6.666666666666667
72,72,2015-08-12,7.133333333333334
73,73,2015-08-13,7.316666666666666
74,74,2015-08-14,8.05
75,75,2015-08-15,6.0
76,76,2015-08-16,6.8
77,77,2015-08-17,6.816666666666666
78,78,2015-08-18,6.4
79,79,2015-08-19,7.183333333333334
80,80,2015-08-20,6.8
81,81,2015-08-21,7.55
82,82,2015-08-22,6.416666666666667
83,83,2015-08-23,6.816666666666666
84,84,2015-08-24,6.266666666666667
85,85,2015-08-25,6.55
86,86,2015-08-26,6.916666666666667
87,87,2015-08-27,7.433333333333334
88,88,2015-08-28,6.083333333333333
89,89,2015-08-29,6.633333333333334
90,90,2015-08-30,6.8
91,91,2015-08-31,7.216666666666667
92,92,2015-09-01,5.566666666666666
93,93,2015-09-02,8.116666666666667
94,94,2015-09-03,7.85
95,95,2015-09-04,6.533333333333333
96,96,2015-09-05,7.883333333333334
97,97,2015-09-06,8.566666666666666
98,98,2015-09-07,6.9
99,99,2015-09-08,5.983333333333333
100,100,2015-09-09,6.116666666666666
101,101,2015-09-10,6.183333333333334
102,102,2015-09-11,7.016666666666667
103,103,2015-09-12,7.416666666666667
104,104,2015-09-13,7.083333333333333
105,105,2015-09-14,6.283333333333333
106,106,2015-09-15,3.9166666666666665
107,107,2015-09-16,7.3
108,108,2015-09-17,6.783333333333333
109,109,2015-09-18,5.35
110,110,2015-09-19,7.4
111,111,2015-09-20,6.716666666666667
112,112,2015-09-21,6.983333333333333
113,113,2015-09-22,6.75
114,114,2015-09-23,6.033333333333333
115,115,2015-09-24,6.116666666666666
116,116,2015-09-25,7.033333333333333
117,117,2015-09-26,7.433333333333334
118,118,2015-09-27,6.75
119,119,2015-09-28,6.933333333333334
120,120,2015-09-29,6.75
121,121,2015-09-30,6.433333333333334
122,122,2015-10-01,5.9
123,123,2015-10-02,8.183333333333334
124,124,2015-10-03,5.466666666666667
125,125,2015-10-04,5.683333333333334
126,126,2015-10-05,7.083333333333333
127,127,2015-10-06,6.133333333333334
128,128,2015-10-07,6.516666666666667
129,129,2015-10-08,6.4
130,130,2015-10-09,5.866666666666666
131,131,2015-10-10,8.0
132,132,2015-10-11,7.183333333333334
133,133,2015-10-12,6.116666666666666
134,134,2015-10-13,3.5
135,135,2015-10-14,7.016666666666667
136,136,2015-10-15,6.583333333333333
137,137,2015-10-16,7.216666666666667
138,138,2015-10-17,7.0
139,139,2015-10-18,7.266666666666667
140,140,2015-10-19,7.15
141,141,2015-10-20,6.416666666666667
142,142,2015-10-21,6.416666666666667
143,143,2015-10-22,6.316666666666666
144,144,2015-10-23,7.25
145,145,2015-10-24,6.583333333333333
146,146,2015-10-25,7.0
147,147,2015-10-26,3.966666666666667
148,148,2015-10-27,6.983333333333333
149,149,2015-10-28,6.783333333333333
150,150,2015-10-29,4.816666666666666
151,151,2015-10-30,7.016666666666667
152,152,2015-10-31,7.933333333333334
153,153,2015-11-01,7.683333333333334
154,154,2015-11-02,5.4
155,155,2015-11-03,7.216666666666667
156,156,2015-11-04,7.55
157,157,2015-11-05,6.333333333333333
158,158,2015-11-06,5.283333333333333
159,159,2015-11-07,6.05
160,160,2015-11-08,6.233333333333333
161,161,2015-11-09,5.85
162,162,2015-11-10,7.5
163,163,2015-11-11,6.95
164,164,2015-11-12,7.233333333333333
165,165,2015-11-13,7.466666666666667
166,166,2015-11-14,6.916666666666667
167,167,2015-11-15,6.433333333333334
168,168,2015-11-16,6.683333333333334
169,169,2015-11-17,7.0
170,170,2015-11-18,6.466666666666667
171,171,2015-11-19,6.183333333333334
172,172,2015-11-20,6.133333333333334
173,173,2015-11-21,9.183333333333334
174,174,2015-11-22,7.016666666666667
175,175,2015-11-23,5.15
176,176,2015-11-24,6.85
177,177,2015-11-25,8.05
178,178,2015-11-26,6.666666666666667
179,179,2015-11-27,5.8
180,180,2015-11-28,7.183333333333334
181,181,2015-11-29,7.083333333333333
182,182,2015-11-30,6.633333333333334
183,183,2015-12-01,6.666666666666667
184,184,2015-12-02,6.166666666666667
185,185,2015-12-03,6.833333333333333
186,186,2015-12-04,7.766666666666667
187,187,2015-12-05,6.133333333333334
188,188,2015-12-06,7.766666666666667
189,189,2015-12-07,6.466666666666667
190,190,2015-12-08,8.866666666666667
191,191,2015-12-09,6.216666666666667
192,192,2015-12-10,6.483333333333333
193,193,2015-12-11,5.65
194,194,2015-12-12,7.55
195,195,2015-12-13,8.566666666666666
196,196,2015-12-14,6.85
197,197,2015-12-15,8.0
198,198,2015-12-16,7.466666666666667
199,199,2015-12-17,6.783333333333333
200,200,2015-12-18,6.933333333333334
201,201,2015-12-19,4.883333333333334
202,202,2015-12-20,4.233333333333333
203,203,2015-12-21,6.766666666666667
204,204,2015-12-22,6.066666666666666
205,205,2015-12-23,4.5
206,206,2015-12-24,7.433333333333334
207,207,2015-12-25,7.333333333333333
208,208,2015-12-26,6.866666666666666
209,209,2015-12-27,7.35
210,210,2015-12-28,6.65
211,211,2015-12-29,7.183333333333334
212,212,2015-12-30,5.85
213,213,2015-12-31,7.3
214,214,2016-01-01,7.833333333333333
215,215,2016-01-02,7.333333333333333
216,216,2016-01-03,6.933333333333334
217,217,2016-01-04,5.983333333333333
218,218,2016-01-05,7.116666666666666
219,219,2016-01-06,6.85
220,220,2016-01-07,6.85
221,221,2016-01-08,7.05
222,222,2016-01-09,6.316666666666666
223,223,2016-01-10,7.1
224,224,2016-01-11,5.666666666666667
225,225,2016-01-12,6.416666666666667
226,226,2016-01-13,5.583333333333333
227,227,2016-01-14,7.433333333333334
228,228,2016-01-15,7.2
229,229,2016-01-16,7.483333333333333
230,230,2016-01-17,7.616666666666666
231,231,2016-01-18,5.866666666666666
232,232,2016-01-19,6.35
233,233,2016-01-20,7.016666666666667
234,234,2016-01-21,7.133333333333334
235,235,2016-01-22,6.983333333333333
236,236,2016-01-23,6.4
237,237,2016-01-24,7.566666666666666
238,238,2016-01-25,7.05
239,239,2016-01-26,6.366666666666666
240,240,2016-01-27,5.3
241,241,2016-01-28,7.25
242,242,2016-01-29,5.333333333333333
243,243,2016-01-30,6.666666666666667
244,244,2016-01-31,6.966666666666667
245,245,2016-02-01,6.683333333333334
246,246,2016-02-02,6.75
247,247,2016-02-03,7.333333333333333
248,248,2016-02-04,6.116666666666666
249,249,2016-02-05,7.416666666666667
250,250,2016-02-06,7.366666666666666
251,251,2016-02-07,7.4
252,252,2016-02-08,6.366666666666666
253,253,2016-02-09,6.166666666666667
254,254,2016-02-10,6.816666666666666
255,255,2016-02-11,7.133333333333334
256,256,2016-02-12,4.5
257,257,2016-02-13,8.483333333333333
258,258,2016-02-14,3.733333333333333
259,259,2016-02-15,5.533333333333333
260,260,2016-02-16,6.9
261,261,2016-02-17,6.416666666666667
262,262,2016-02-18,6.6
263,263,2016-02-19,1.2666666666666666
264,264,2016-02-20,6.983333333333333
265,265,2016-02-21,7.55
266,266,2016-02-22,6.316666666666666
267,267,2016-02-23,7.216666666666667
268,268,2016-02-24,6.016666666666667
269,269,2016-02-25,4.35
270,270,2016-02-26,7.233333333333333
271,271,2016-02-27,7.05
272,272,2016-02-28,6.55
273,273,2016-02-29,5.716666666666667
274,274,2016-03-01,7.516666666666667
275,275,2016-03-02,6.783333333333333
276,276,2016-03-03,6.416666666666667
277,277,2016-03-04,6.866666666666666
278,278,2016-03-05,6.933333333333334
279,279,2016-03-08,6.416666666666667
280,280,2016-03-09,6.65
281,281,2016-03-10,5.9
282,282,2016-03-11,6.7
283,283,2016-03-12,8.283333333333333
284,284,2016-03-13,6.566666666666666
285,285,2016-03-14,5.966666666666667
286,286,2016-03-16,7.316666666666666
287,287,2016-03-17,6.733333333333333
288,288,2016-03-18,2.35
289,289,2016-03-19,7.133333333333334
290,290,2016-03-20,6.233333333333333
291,291,2016-03-21,7.416666666666667
292,292,2016-03-22,6.633333333333334
293,293,2016-03-23,7.216666666666667
294,294,2016-03-24,6.633333333333334
295,295,2016-03-25,7.4
296,296,2016-03-26,7.466666666666667
297,297,2016-03-27,6.883333333333334
298,298,2016-03-28,7.2
299,299,2016-03-29,6.266666666666667
300,300,2016-03-30,6.933333333333334
301,301,2016-03-31,6.15
302,302,2016-04-01,7.233333333333333
303,303,2016-04-02,6.583333333333333
304,304,2016-04-03,6.983333333333333
305,305,2016-04-04,3.65
306,306,2016-04-05,7.116666666666666
307,307,2016-04-06,5.2
308,308,2016-04-08,7.233333333333333
309,309,2016-04-09,7.933333333333334
310,310,2016-04-10,6.85
311,311,2016-04-11,7.583333333333333
312,312,2016-04-12,6.333333333333333
313,313,2016-04-13,6.5
314,314,2016-04-14,7.1
315,315,2016-04-15,6.216666666666667
316,316,2016-04-16,9.283333333333331
317,317,2016-04-17,7.166666666666667
318,318,2016-04-18,6.033333333333333
319,319,2016-04-19,6.683333333333334
320,320,2016-04-20,5.766666666666667
321,321,2016-04-21,5.833333333333333
322,322,2016-04-22,7.383333333333334
323,323,2016-04-23,7.583333333333333
324,324,2016-04-24,7.05
325,325,2016-04-25,6.466666666666667
326,326,2016-04-26,7.183333333333334
327,327,2016-04-27,7.0
328,328,2016-04-28,7.016666666666667
329,329,2016-04-29,6.6
330,330,2016-04-30,7.733333333333333
331,331,2016-05-01,6.983333333333333
332,332,2016-05-02,6.45
333,333,2016-05-03,7.75
334,334,2016-05-04,6.116666666666666
335,335,2016-05-05,7.15
336,336,2016-05-06,7.733333333333333
337,337,2016-05-07,6.616666666666666
338,338,2016-05-08,6.933333333333334
339,339,2016-05-09,6.5
340,340,2016-05-10,6.2
341,341,2016-05-11,5.916666666666667
342,342,2016-05-12,7.083333333333333
343,343,2016-05-13,7.016666666666667
344,344,2016-05-14,7.8
345,345,2016-05-15,6.766666666666667
346,346,2016-05-16,6.2
347,347,2016-05-17,6.633333333333334
348,348,2016-05-18,7.016666666666667
349,349,2016-05-19,8.35
350,350,2016-05-20,6.566666666666666
351,351,2016-05-21,7.483333333333333
352,352,2016-05-22,7.216666666666667
353,353,2016-05-23,7.583333333333333
354,354,2016-05-24,6.75
355,355,2016-05-25,5.883333333333334
356,356,2016-05-26,6.566666666666666
357,357,2016-05-27,7.6
358,358,2016-05-28,7.166666666666667
359,359,2016-05-29,7.166666666666667
360,360,2016-05-30,6.616666666666666
361,361,2016-05-31,5.7
362,362,2016-06-01,5.616666666666666
363,363,2016-06-02,6.416666666666667
364,364,2016-06-03,7.316666666666666
365,365,2016-06-04,7.3
366,366,2016-06-05,7.566666666666666
367,367,2016-06-06,5.816666666666666
368,368,2016-06-07,6.833333333333333
369,369,2016-06-08,7.3
370,370,2016-06-09,6.016666666666667
371,371,2016-06-10,6.183333333333334
372,372,2016-06-11,6.033333333333333
373,373,2016-06-12,7.1
374,374,2016-06-13,6.783333333333333
375,375,2016-06-14,7.616666666666666
376,376,2016-06-15,5.716666666666667
377,377,2016-06-16,7.216666666666667
378,378,2016-06-17,7.0
379,379,2016-06-18,7.55
380,380,2016-06-19,6.683333333333334
381,381,2016-06-20,6.816666666666666
382,382,2016-06-21,6.283333333333333
383,383,2016-06-22,6.733333333333333
384,384,2016-06-23,6.483333333333333
385,385,2016-06-24,6.883333333333334
386,386,2016-06-25,7.233333333333333
387,387,2016-06-26,7.083333333333333
388,388,2016-06-27,6.716666666666667
389,389,2016-06-28,6.416666666666667
390,390,2016-06-29,6.55
391,391,2016-06-30,4.966666666666667
392,392,2016-07-01,8.55
393,393,2016-07-02,6.55
394,394,2016-07-03,5.95
395,395,2016-07-04,6.283333333333333
396,396,2016-07-05,6.133333333333334
397,397,2016-07-06,5.766666666666667
398,398,2016-07-07,6.566666666666666
399,399,2016-07-08,7.516666666666667
400,400,2016-07-09,8.0
401,401,2016-07-10,6.333333333333333
402,402,2016-07-11,7.216666666666667
403,403,2016-07-12,6.55
404,404,2016-07-13,6.15
405,405,2016-07-14,6.783333333333333
406,406,2016-07-15,6.666666666666667
407,407,2016-07-16,6.25
408,408,2016-07-17,6.85
409,409,2016-07-18,6.366666666666666
410,410,2016-07-19,5.833333333333333
411,411,2016-07-20,7.266666666666667
412,412,2016-07-21,6.133333333333334
413,413,2016-07-22,6.95
414,414,2016-07-23,7.6
415,415,2016-07-24,6.766666666666667
416,416,2016-07-25,6.716666666666667
417,417,2016-07-26,6.25
418,418,2016-07-27,6.5
419,419,2016-07-28,7.333333333333333
420,420,2016-07-29,7.15
421,421,2016-07-30,6.416666666666667
422,422,2016-07-31,7.216666666666667
423,423,2016-08-01,6.45
424,424,2016-08-02,6.883333333333334
425,425,2016-08-03,7.3
426,426,2016-08-04,6.85
427,427,2016-08-05,7.783333333333333
428,428,2016-08-06,7.416666666666667
429,429,2016-08-07,6.9
430,430,2016-08-08,6.366666666666666
431,431,2016-08-09,7.166666666666667
432,432,2016-08-10,5.3
433,433,2016-08-11,5.966666666666667
434,434,2016-08-12,6.5
435,435,2016-08-13,7.4
436,436,2016-08-14,7.3
437,437,2016-08-15,6.6
438,438,2016-08-16,7.566666666666666
439,439,2016-08-17,7.15
440,440,2016-08-18,7.3
441,441,2016-08-19,7.133333333333334
442,442,2016-08-20,8.033333333333333
443,443,2016-08-21,7.583333333333333
444,444,2016-08-22,3.7
445,445,2016-08-23,6.166666666666667
446,446,2016-08-24,5.666666666666667
447,447,2016-08-25,5.25
448,448,2016-08-26,7.5
449,449,2016-08-27,7.183333333333334
450,450,2016-08-28,6.333333333333333
451,451,2016-08-29,6.283333333333333
452,452,2016-08-30,7.483333333333333
453,453,2016-08-31,5.833333333333333
454,454,2016-09-01,6.483333333333333
455,455,2016-09-02,6.583333333333333
456,456,2016-09-03,7.55
457,457,2016-09-04,7.033333333333333
458,458,2016-09-05,6.1
459,459,2016-09-06,8.166666666666666
460,460,2016-09-07,6.633333333333334
461,461,2016-09-08,6.8
462,462,2016-09-09,6.566666666666666
463,463,2016-09-10,7.783333333333333
464,464,2016-09-11,5.833333333333333
465,465,2016-09-12,6.216666666666667
466,466,2016-09-13,8.233333333333333
467,467,2016-09-14,7.45
468,468,2016-09-15,6.483333333333333
469,469,2016-09-16,7.166666666666667
470,470,2016-09-17,5.783333333333333
471,471,2016-09-18,7.333333333333333
472,472,2016-09-19,5.75
473,473,2016-09-20,7.366666666666666
474,474,2016-09-21,6.1
475,475,2016-09-22,7.2
476,476,2016-09-23,7.833333333333333
477,477,2016-09-24,7.15
478,478,2016-09-25,6.4
479,479,2016-09-26,5.966666666666667
480,480,2016-09-27,6.35
481,481,2016-09-28,6.383333333333334
482,482,2016-09-29,6.35
483,483,2016-09-30,7.233333333333333
484,484,2016-10-01,5.966666666666667
485,485,2016-10-02,6.633333333333334
486,486,2016-10-03,6.183333333333334
487,487,2016-10-04,8.133333333333333
488,488,2016-10-05,7.5
489,489,2016-10-06,6.833333333333333
490,490,2016-10-07,7.666666666666667
491,491,2016-10-08,6.7
492,492,2016-10-09,6.8
493,493,2016-10-10,6.283333333333333
494,494,2016-10-11,5.35
495,495,2016-10-12,5.583333333333333
496,496,2016-10-13,6.2
497,497,2016-10-14,6.866666666666666
498,498,2016-10-15,6.583333333333333
499,499,2016-10-16,5.966666666666667
500,500,2016-10-17,6.633333333333334
501,501,2016-10-18,6.433333333333334
502,502,2016-10-19,6.866666666666666
503,503,2016-10-20,7.3
504,504,2016-10-21,7.483333333333333
505,505,2016-10-22,6.433333333333334
506,506,2016-10-23,7.183333333333334
507,507,2016-10-24,7.05
508,508,2016-10-25,7.033333333333333
509,509,2016-10-26,6.3
510,510,2016-10-27,7.45
511,511,2016-10-28,6.25
512,512,2016-10-29,5.916666666666667
513,513,2016-10-30,6.683333333333334
514,514,2016-10-31,6.083333333333333
515,515,2016-11-01,6.133333333333334
516,516,2016-11-02,6.616666666666666
517,517,2016-11-04,6.65
518,518,2016-11-05,9.916666666666666
519,519,2016-11-06,6.266666666666667
520,520,2016-11-07,5.933333333333334
521,521,2016-11-08,5.55
522,522,2016-11-09,6.666666666666667
523,523,2016-11-10,6.283333333333333
524,524,2016-11-11,6.433333333333334
525,525,2016-11-12,5.766666666666667
526,526,2016-11-13,6.166666666666667
527,527,2016-11-14,6.266666666666667
528,528,2016-11-15,6.883333333333334
529,529,2016-11-16,7.383333333333334
530,530,2016-11-17,7.35
531,531,2016-11-18,6.5
532,532,2016-11-19,7.083333333333333
533,533,2016-11-20,6.9
534,534,2016-11-21,6.166666666666667
535,535,2016-11-22,7.083333333333333
536,536,2016-11-23,7.15
537,537,2016-11-24,7.533333333333333
538,538,2016-11-25,6.933333333333334
539,539,2016-11-26,5.65
540,540,2016-11-27,6.65
541,541,2016-11-28,6.366666666666666
542,542,2016-11-29,5.2
543,543,2016-11-30,6.85
544,544,2016-12-01,6.416666666666667
545,545,2016-12-02,6.633333333333334
546,546,2016-12-03,6.766666666666667
547,547,2016-12-04,7.05
548,548,2016-12-05,6.8
549,549,2016-12-06,5.05
550,550,2016-12-07,6.8
551,551,2016-12-08,6.2
552,552,2016-12-09,7.266666666666667
553,553,2016-12-10,7.1
554,554,2016-12-11,6.666666666666667
555,555,2016-12-12,5.516666666666667
556,556,2016-12-13,6.283333333333333
557,557,2016-12-14,6.366666666666666
558,558,2016-12-15,5.633333333333334
559,559,2016-12-16,6.633333333333334
560,560,2016-12-17,7.4
561,561,2016-12-18,6.683333333333334
562,562,2016-12-19,6.133333333333334
563,563,2016-12-20,6.933333333333334
564,564,2016-12-21,5.633333333333334
565,565,2016-12-22,6.733333333333333
566,566,2016-12-23,8.05
567,567,2016-12-24,6.566666666666666
568,568,2016-12-25,7.233333333333333
569,569,2016-12-26,7.3
570,570,2016-12-27,7.216666666666667
571,571,2016-12-28,5.85
572,572,2016-12-29,5.833333333333333
573,573,2016-12-30,5.966666666666667
574,574,2016-12-31,6.916666666666667
575,575,2017-01-01,7.333333333333333
576,576,2017-01-02,6.95
577,577,2017-01-03,7.333333333333333
578,578,2017-01-04,6.116666666666666
579,579,2017-01-05,6.65
580,580,2017-01-06,7.8
581,581,2017-01-07,7.816666666666666
582,582,2017-01-08,7.183333333333334
583,583,2017-01-09,6.133333333333334
584,584,2017-01-10,7.983333333333333
585,585,2017-01-11,7.383333333333334
586,586,2017-01-12,6.85
587,587,2017-01-13,6.283333333333333
588,588,2017-01-14,7.683333333333334
589,589,2017-01-15,6.283333333333333
590,590,2017-01-16,7.35
591,591,2017-01-17,4.633333333333334
592,592,2017-01-18,6.616666666666666
593,593,2017-01-19,7.016666666666667
594,594,2017-01-21,7.416666666666667
595,595,2017-01-22,7.583333333333333
596,596,2017-01-23,6.3
597,597,2017-01-24,6.466666666666667
598,598,2017-01-25,6.216666666666667
599,599,2017-01-26,7.2
600,600,2017-01-27,7.566666666666666
601,601,2017-01-28,5.9
602,602,2017-01-29,6.616666666666666
603,603,2017-01-30,6.65
604,604,2017-02-05,7.433333333333334
605,605,2017-02-06,7.25
606,606,2017-02-07,6.35
607,607,2017-02-08,5.4
608,608,2017-02-09,6.366666666666666
609,609,2017-02-10,7.383333333333334
610,610,2017-02-11,7.35
611,611,2017-02-12,7.1
612,612,2017-02-13,6.583333333333333
613,613,2017-02-14,7.283333333333333
614,614,2017-02-15,7.183333333333334
615,615,2017-02-16,6.316666666666666
616,616,2017-02-17,7.2
617,617,2017-02-18,7.3
618,618,2017-02-19,6.583333333333333
619,619,2017-02-20,7.0
620,620,2017-02-21,5.583333333333333
621,621,2017-02-22,6.95
622,622,2017-02-23,7.85
623,623,2017-02-24,6.616666666666666
624,624,2017-02-25,7.633333333333334
625,625,2017-02-26,6.566666666666666
626,626,2017-02-27,6.7
627,627,2017-02-28,6.983333333333333
628,628,2017-03-01,6.683333333333334
629,629,2017-03-02,6.316666666666666
630,630,2017-03-03,7.7
631,631,2017-03-04,6.133333333333334
632,632,2017-03-05,6.666666666666667
633,633,2017-03-06,6.65
634,634,2017-03-07,5.616666666666666
635,635,2017-03-08,5.833333333333333
636,636,2017-03-09,5.783333333333333
637,637,2017-03-10,6.433333333333334
638,638,2017-03-11,7.65
639,639,2017-03-12,7.883333333333334
640,640,2017-03-13,7.166666666666667
641,641,2017-03-14,6.733333333333333
642,642,2017-03-15,6.816666666666666
643,643,2017-03-16,6.733333333333333
644,644,2017-03-17,7.5
645,645,2017-03-18,8.016666666666667
646,646,2017-03-19,7.766666666666667
647,647,2017-03-20,6.316666666666666
648,648,2017-03-21,5.683333333333334
649,649,2017-03-22,5.6
650,650,2017-03-23,8.416666666666666
651,651,2017-03-27,7.016666666666667
652,652,2017-03-28,6.3
653,653,2017-03-29,6.366666666666666
654,654,2017-03-30,8.066666666666666
655,655,2017-03-31,6.85
656,656,2017-04-01,8.416666666666666
657,657,2017-04-02,5.6
658,658,2017-04-03,7.033333333333333
659,659,2017-04-04,7.216666666666667
660,660,2017-04-05,5.633333333333334
661,661,2017-04-06,7.166666666666667
662,662,2017-04-07,7.15
663,663,2017-04-08,7.25
664,664,2017-04-09,6.733333333333333
665,665,2017-04-10,5.033333333333333
666,666,2017-04-11,6.033333333333333
667,667,2017-04-12,5.633333333333334
668,668,2017-04-13,7.766666666666667
669,669,2017-04-14,6.7
670,670,2017-04-15,6.116666666666666
671,671,2017-04-16,7.466666666666667
672,672,2017-04-17,4.366666666666666
673,673,2017-04-18,7.833333333333333
674,674,2017-04-19,7.083333333333333
675,675,2017-04-20,5.416666666666667
676,676,2017-04-21,5.8
677,677,2017-04-22,6.866666666666666
678,678,2017-04-23,6.5
679,679,2017-04-24,6.833333333333333
680,680,2017-04-25,6.35
681,681,2017-04-26,7.033333333333333
682,682,2017-04-27,6.783333333333333
683,683,2017-04-28,6.6
684,684,2017-04-29,6.216666666666667
685,685,2017-04-30,6.45
686,686,2017-05-01,6.216666666666667
687,687,2017-05-02,5.933333333333334
688,688,2017-05-03,6.65
689,689,2017-05-04,7.533333333333333
690,690,2017-05-05,7.216666666666667
691,691,2017-05-06,5.55
692,692,2017-05-07,6.433333333333334
693,693,2017-05-08,6.5
694,694,2017-05-09,6.316666666666666
695,695,2017-05-10,7.383333333333334
696,696,2017-05-11,5.533333333333333
697,697,2017-05-12,6.716666666666667
698,698,2017-05-13,4.833333333333333
699,699,2017-05-14,6.433333333333334
700,700,2017-05-15,6.5
701,701,2017-05-16,6.283333333333333
702,702,2017-05-17,6.783333333333333
703,703,2017-05-18,6.283333333333333
704,704,2017-05-19,5.85
705,705,2017-05-20,6.233333333333333
706,706,2017-05-21,7.0
707,707,2017-05-22,5.833333333333333
708,708,2017-05-23,5.916666666666667
709,709,2017-05-24,7.3
710,710,2017-05-25,5.016666666666667
711,711,2017-05-26,5.566666666666666
712,712,2017-05-27,7.483333333333333
713,713,2017-05-28,7.483333333333333
714,714,2017-05-29,6.016666666666667
715,715,2017-05-30,6.133333333333334
716,716,2017-05-31,5.95
717,717,2017-06-01,7.3
718,718,2017-06-02,7.35
719,719,2017-06-03,5.466666666666667
720,720,2017-06-04,6.05
721,721,2017-06-05,5.283333333333333
722,722,2017-06-06,5.9
723,723,2017-06-07,6.1
724,724,2017-06-09,5.95
725,725,2017-06-10,5.3
726,726,2017-06-11,5.85
727,727,2017-06-12,5.4
728,728,2017-06-13,6.666666666666667
729,729,2017-06-14,5.766666666666667
730,730,2017-06-15,2.95
731,731,2017-06-16,5.55
732,732,2017-06-17,7.083333333333333
733,733,2017-06-18,6.783333333333333
734,734,2017-06-19,8.083333333333334
735,735,2017-06-20,7.683333333333334
736,736,2017-06-21,7.45
737,737,2017-06-22,6.65
738,738,2017-06-23,4.883333333333334
739,739,2017-06-24,8.033333333333333
740,740,2017-06-25,6.483333333333333
741,741,2017-06-26,5.066666666666666
742,742,2017-06-27,6.366666666666666
743,743,2017-06-28,6.416666666666667
744,744,2017-06-29,6.45
745,745,2017-06-30,5.633333333333334
746,746,2017-07-01,7.466666666666667
747,747,2017-07-02,5.233333333333333
748,748,2017-07-03,7.783333333333333
749,749,2017-07-04,6.566666666666666
750,750,2017-07-05,6.033333333333333
751,751,2017-07-06,6.516666666666667
752,752,2017-07-07,7.0
753,753,2017-07-08,6.316666666666666
754,754,2017-07-09,6.766666666666667
755,755,2017-07-10,6.916666666666667
756,756,2017-07-11,6.8
757,757,2017-07-12,5.883333333333334
758,758,2017-07-13,6.166666666666667
759,759,2017-07-14,6.416666666666667
760,760,2017-07-15,6.55
761,761,2017-07-16,6.133333333333334
762,762,2017-07-17,5.483333333333333
763,763,2017-07-18,6.25
764,764,2017-07-19,6.0
765,765,2017-07-20,6.95
766,766,2017-07-21,5.616666666666666
767,767,2017-07-22,6.616666666666666
768,768,2017-07-23,6.383333333333334
769,769,2017-07-24,5.333333333333333
770,770,2017-07-25,5.616666666666666
771,771,2017-07-26,5.666666666666667
772,772,2017-07-27,6.233333333333333
773,773,2017-07-28,6.883333333333334
774,774,2017-07-29,6.2
775,775,2017-07-30,6.683333333333334
776,776,2017-07-31,6.416666666666667
777,777,2017-08-01,5.95
778,778,2017-08-02,5.766666666666667
779,779,2017-08-03,7.966666666666667
780,780,2017-08-04,5.016666666666667
781,781,2017-08-05,8.416666666666666
782,782,2017-08-06,6.133333333333334
783,783,2017-08-07,5.95
784,784,2017-08-08,6.633333333333334
785,785,2017-08-09,7.566666666666666
786,786,2017-08-10,6.083333333333333
787,787,2017-08-11,6.233333333333333
788,788,2017-08-12,5.133333333333334
789,789,2017-08-13,6.9
790,790,2017-08-14,7.4
791,791,2017-08-15,6.883333333333334
792,792,2017-08-16,5.716666666666667
793,793,2017-08-17,6.883333333333334
794,794,2017-08-18,7.366666666666666
795,795,2017-08-19,6.933333333333334
796,796,2017-08-20,6.583333333333333
797,797,2017-08-21,6.666666666666667
798,798,2017-08-22,7.35
799,799,2017-08-23,6.733333333333333
800,800,2017-08-24,6.616666666666666
801,801,2017-08-25,7.166666666666667
802,802,2017-08-26,5.633333333333334
803,803,2017-08-27,6.55
804,804,2017-08-28,5.033333333333333
805,805,2017-08-29,6.316666666666666
806,806,2017-08-30,6.533333333333333
807,807,2017-08-31,2.066666666666667
808,808,2017-09-01,6.0
809,809,2017-09-02,6.383333333333334
810,810,2017-09-03,5.683333333333334
811,811,2017-09-04,6.533333333333333
812,812,2017-09-05,6.216666666666667
813,813,2017-09-06,6.35
814,814,2017-09-07,7.016666666666667
815,815,2017-09-08,7.416666666666667
816,816,2017-09-09,8.216666666666667
817,817,2017-09-10,7.366666666666666
818,818,2017-09-11,7.05
819,819,2017-09-12,7.766666666666667
820,820,2017-09-13,7.366666666666666
821,821,2017-09-15,5.283333333333333
822,822,2017-09-16,6.266666666666667
823,823,2017-09-17,5.916666666666667
824,824,2017-09-18,6.416666666666667
825,825,2017-09-19,5.716666666666667
826,826,2017-09-20,6.066666666666666
827,827,2017-09-21,7.133333333333334
828,828,2017-09-22,4.3
829,829,2017-09-23,7.033333333333333
830,830,2017-09-24,6.683333333333334
831,831,2017-09-25,6.55
832,832,2017-09-26,5.133333333333334
833,833,2017-09-27,10.2
834,834,2017-09-28,11.8
835,835,2017-09-29,14.866666666666667
836,836,2017-09-30,11.5
837,837,2017-10-01,13.2
838,838,2017-10-02,14.566666666666666
839,839,2017-10-03,13.066666666666666
840,840,2017-10-04,11.833333333333334
841,841,2017-10-05,12.766666666666667
842,842,2017-10-06,12.8
843,843,2017-10-07,12.533333333333331
844,844,2017-10-08,11.6
845,845,2017-10-09,16.266666666666666
846,846,2017-10-10,11.9
847,847,2017-10-11,10.866666666666667
848,848,2017-10-12,11.966666666666669
849,849,2017-10-13,10.033333333333331
850,850,2017-10-14,11.9
851,851,2017-10-15,17.2
852,852,2017-10-16,11.366666666666667
853,853,2017-10-17,12.8
854,854,2017-10-18,9.8
855,855,2017-10-19,13.8
856,856,2017-10-20,14.5
857,857,2017-10-21,8.4
858,858,2017-10-22,9.3
859,859,2017-10-23,13.433333333333334
860,860,2017-10-25,11.166666666666666
861,861,2017-10-26,12.633333333333333
862,862,2017-10-27,14.166666666666666
863,863,2017-10-28,13.433333333333334
864,864,2017-10-29,13.666666666666666
865,865,2017-10-30,12.0
866,866,2017-10-31,12.266666666666667
867,867,2017-11-01,13.4
868,868,2017-11-02,14.233333333333333
869,869,2017-11-03,13.2
870,870,2017-11-04,12.233333333333333
871,871,2017-11-05,13.133333333333333
872,872,2017-11-06,14.166666666666666
873,873,2017-11-07,11.666666666666666
874,874,2017-11-08,13.733333333333333
875,875,2017-11-09,12.633333333333333
876,876,2017-11-10,13.5
877,877,2017-11-11,11.433333333333334
878,878,2017-11-12,12.466666666666669
879,879,2017-11-13,12.233333333333333
880,880,2017-11-14,13.3
881,881,2017-11-15,12.533333333333331
882,882,2017-11-16,12.9
883,883,2017-11-17,12.3
884,884,2017-11-18,13.5
885,885,2017-11-19,11.7
886,886,2017-11-20,11.9
887,887,2017-11-21,13.566666666666666
888,888,2017-11-22,13.3
889,889,2017-11-23,13.466666666666669
890,890,2017-11-24,12.833333333333334
891,891,2017-11-25,13.566666666666666
892,892,2017-11-26,10.9
893,893,2017-11-27,13.633333333333333
894,894,2017-11-28,10.066666666666666
895,895,2017-11-29,16.5
896,896,2017-11-30,13.7
897,897,2017-12-01,12.2
898,898,2017-12-02,13.133333333333333
899,899,2017-12-03,14.266666666666667
900,900,2017-12-04,13.0
901,901,2017-12-05,15.533333333333331
902,902,2017-12-06,13.133333333333333
903,903,2017-12-07,10.2
904,904,2017-12-08,12.366666666666667
905,905,2017-12-09,10.666666666666666
906,906,2017-12-10,13.3
907,907,2017-12-11,15.933333333333334
908,908,2017-12-12,11.233333333333333
909,909,2017-12-13,14.1
910,910,2017-12-14,10.666666666666666
911,911,2017-12-15,13.766666666666667
912,912,2017-12-16,14.0
913,913,2017-12-17,13.466666666666669
914,914,2017-12-18,12.0
915,915,2017-12-19,13.633333333333333
916,916,2017-12-20,13.2
917,917,2017-12-21,13.033333333333331
918,918,2017-12-22,11.233333333333333
919,919,2017-12-23,14.833333333333334
920,920,2017-12-24,9.4
921,921,2017-12-25,14.866666666666667
922,922,2017-12-26,11.666666666666666
923,923,2017-12-27,15.1
924,924,2017-12-28,10.233333333333333
925,925,2017-12-29,11.5
926,926,2017-12-30,16.966666666666665
927,927,2017-12-31,12.666666666666666
928,928,2018-01-01,14.6
929,929,2018-01-02,15.033333333333331
930,930,2018-01-03,12.0
931,931,2018-01-04,16.5
932,932,2018-01-05,14.8
933,933,2018-01-06,13.266666666666667
934,934,2018-01-07,13.166666666666666
935,935,2018-01-08,14.533333333333331
936,936,2018-01-09,13.4
937,937,2018-01-10,13.066666666666666
938,938,2018-01-11,15.166666666666666
939,939,2018-01-12,10.133333333333333
940,940,2018-01-13,16.1
941,941,2018-01-14,10.833333333333334
942,942,2018-01-15,13.4
943,943,2018-01-16,13.5
944,944,2018-01-17,14.5
945,945,2018-01-18,10.7
946,946,2018-01-19,13.833333333333334
947,947,2018-01-20,13.266666666666667
948,948,2018-01-21,12.333333333333334
949,949,2018-01-22,14.4
950,950,2018-01-23,12.8
951,951,2018-01-24,9.333333333333334
952,952,2018-01-25,13.433333333333334
953,953,2018-01-26,13.533333333333331
954,954,2018-01-27,11.1
955,955,2018-01-28,12.666666666666666
956,956,2018-01-29,12.533333333333331
957,957,2018-01-30,12.766666666666667
958,958,2018-01-31,11.8
959,959,2018-02-01,14.966666666666669
960,960,2018-02-02,14.0
961,961,2018-02-03,11.8
962,962,2018-02-04,15.833333333333334
963,963,2018-02-05,12.633333333333333
964,964,2018-02-06,13.0
965,965,2018-02-07,14.666666666666666
966,966,2018-02-08,14.866666666666667
967,967,2018-02-09,15.166666666666666
968,968,2018-02-10,12.966666666666669
969,969,2018-02-11,13.7
970,970,2018-02-12,13.366666666666667
971,971,2018-02-13,12.466666666666669
972,972,2018-02-14,13.466666666666669
973,973,2018-02-15,11.533333333333331
974,974,2018-02-16,15.2
975,975,2018-02-17,12.933333333333334
976,976,2018-02-18,15.366666666666667
977,977,2018-02-19,11.466666666666669
978,978,2018-02-20,10.8
979,979,2018-02-21,13.5
980,980,2018-02-22,13.966666666666669
981,981,2018-02-23,12.766666666666667
982,982,2018-02-24,11.466666666666669
983,983,2018-02-25,7.133333333333334
984,984,2018-02-26,14.833333333333334
985,985,2018-02-27,13.2
986,986,2018-02-28,12.4
987,987,2018-03-01,13.1
988,988,2018-03-02,12.233333333333333
989,989,2018-03-03,11.9
990,990,2018-03-04,12.833333333333334
991,991,2018-03-05,12.933333333333334
992,992,2018-03-06,13.1
993,993,2018-03-07,11.466666666666669
994,994,2018-03-08,15.066666666666666
995,995,2018-03-09,12.733333333333333
996,996,2018-03-10,13.066666666666666
997,997,2018-03-11,11.933333333333334
998,998,2018-03-12,10.966666666666669
999,999,2018-03-13,14.433333333333334
1000,1000,2018-03-14,12.433333333333334
1001,1001,2018-03-15,14.966666666666669
1002,1002,2018-03-16,14.366666666666667
1003,1003,2018-03-17,12.933333333333334
1004,1004,2018-03-18,12.6
1005,1005,2018-03-19,14.733333333333333
1006,1006,2018-03-20,14.166666666666666
1007,1007,2018-03-21,15.266666666666667
1008,1008,2018-03-22,13.133333333333333
1009,1009,2018-03-23,16.033333333333335
1010,1010,2018-03-24,12.766666666666667
1011,1011,2018-03-25,12.9
1012,1012,2018-03-26,10.933333333333334
1013,1013,2018-03-27,13.2
1014,1014,2018-03-28,13.366666666666667
1015,1015,2018-03-29,13.0
1016,1016,2018-03-30,13.633333333333333
1017,1017,2018-03-31,13.966666666666669
1018,1018,2018-04-01,14.9
1019,1019,2018-04-02,14.333333333333334
1020,1020,2018-04-03,13.633333333333333
1021,1021,2018-04-04,12.533333333333331
1022,1022,2018-04-05,12.466666666666669
1023,1023,2018-04-06,12.733333333333333
1024,1024,2018-04-07,11.633333333333333
1025,1025,2018-04-08,12.133333333333333
1026,1026,2018-04-09,7.066666666666666
1027,1027,2018-04-10,14.6
1028,1028,2018-04-11,14.2
1029,1029,2018-04-12,11.333333333333334
1030,1030,2018-04-13,10.466666666666669
1031,1031,2018-04-14,15.766666666666667
1032,1032,2018-04-15,13.0
1033,1033,2018-04-16,11.7
1034,1034,2018-04-17,14.566666666666666
1035,1035,2018-04-18,12.633333333333333
1036,1036,2018-04-19,10.6
1037,1037,2018-04-20,11.9
1038,1038,2018-04-21,14.666666666666666
1039,1039,2018-04-22,15.5
1040,1040,2018-04-23,10.0
1041,1041,2018-04-24,13.8
1042,1042,2018-04-25,11.9
1043,1043,2018-04-26,15.0
1044,1044,2018-04-27,14.4
1045,1045,2018-04-28,12.0
1046,1046,2018-04-29,15.433333333333334
1047,1047,2018-04-30,13.066666666666666
1048,1048,2018-05-01,13.866666666666667
1049,1049,2018-05-02,12.133333333333333
1050,1050,2018-05-03,13.533333333333331
1051,1051,2018-05-04,12.0
1052,1052,2018-05-05,12.233333333333333
1053,1053,2018-05-06,12.5
1054,1054,2018-05-07,12.7
1055,1055,2018-05-08,12.8
1056,1056,2018-05-09,10.533333333333331
1057,1057,2018-05-10,14.466666666666669
1058,1058,2018-05-11,12.7
1059,1059,2018-05-12,16.966666666666665
1060,1060,2018-05-13,13.233333333333333
1061,1061,2018-05-14,10.1
1062,1062,2018-05-15,15.233333333333333
1063,1063,2018-05-16,11.333333333333334
1064,1064,2018-05-17,11.466666666666669
1065,1065,2018-05-18,11.866666666666667
1066,1066,2018-05-19,13.866666666666667
1067,1067,2018-05-20,8.733333333333333
1068,1068,2018-05-21,17.433333333333334
1069,1069,2018-05-22,11.9
1070,1070,2018-05-23,15.133333333333333
1071,1071,2018-05-24,12.466666666666669
1072,1072,2018-05-26,15.033333333333331
1073,1073,2018-05-27,11.4
1074,1074,2018-05-28,11.9
1075,1075,2018-05-29,13.9
1076,1076,2018-05-30,8.4
1077,1077,2018-05-31,13.133333333333333
1078,1078,2018-06-01,11.733333333333333
1079,1079,2018-06-02,13.366666666666667
1080,1080,2018-06-03,13.066666666666666
1081,1081,2018-06-04,11.533333333333331
1082,1082,2018-06-05,13.566666666666666
1083,1083,2018-06-06,12.8
1084,1084,2018-06-07,15.5
1085,1085,2018-06-08,11.966666666666669
1086,1086,2018-06-09,10.033333333333331
1087,1087,2018-06-10,15.066666666666666
1088,1088,2018-06-11,11.633333333333333
1089,1089,2018-06-12,13.5
1090,1090,2018-06-16,6.316666666666666
1091,1091,2018-06-17,6.466666666666667
1092,1092,2018-06-18,6.75
1093,1093,2018-06-19,6.283333333333333
1094,1094,2018-06-20,6.633333333333334
1095,1095,2018-06-21,6.6
1096,1096,2018-06-22,5.5
1097,1097,2018-06-23,5.766666666666667
1098,1098,2018-06-24,6.733333333333333
1099,1099,2018-06-25,6.583333333333333
1100,1100,2018-06-26,5.9
1101,1101,2018-06-27,6.516666666666667
1102,1102,2018-06-28,5.666666666666667
1103,1103,2018-06-29,6.35
1104,1104,2018-06-30,8.85
1105,1105,2018-07-01,6.883333333333334
1106,1106,2018-07-02,5.85
1107,1107,2018-07-03,7.383333333333334
1108,1108,2018-07-04,6.033333333333333
1109,1109,2018-07-05,6.7
1110,1110,2018-07-06,5.533333333333333
1111,1111,2018-07-07,6.916666666666667
1112,1112,2018-07-08,7.866666666666666
1113,1113,2018-07-09,6.6
1114,1114,2018-07-10,6.2
1115,1115,2018-07-11,6.55
1116,1116,2018-07-12,6.216666666666667
1117,1117,2018-07-13,5.783333333333333
1118,1118,2018-07-14,8.216666666666667
1119,1119,2018-07-15,5.116666666666666
1120,1120,2018-07-16,6.3
1121,1121,2018-07-17,7.266666666666667
1122,1122,2018-07-18,7.983333333333333
1123,1123,2018-07-19,7.716666666666667
1124,1124,2018-07-20,6.083333333333333
1125,1125,2018-07-21,8.716666666666667
1126,1126,2018-07-22,7.516666666666667
1127,1127,2018-07-23,6.216666666666667
1128,1128,2018-07-24,6.9
1129,1129,2018-07-25,6.383333333333334
1130,1130,2018-07-26,7.083333333333333
1131,1131,2018-07-27,7.216666666666667
1132,1132,2018-07-28,7.316666666666666
1133,1133,2018-07-29,7.183333333333334
1134,1134,2018-07-30,6.783333333333333
1135,1135,2018-07-31,6.883333333333334
1136,1136,2018-08-01,6.15
1137,1137,2018-08-02,6.883333333333334
1138,1138,2018-08-03,7.083333333333333
1139,1139,2018-08-04,7.483333333333333
1140,1140,2018-08-05,6.933333333333334
1141,1141,2018-08-06,5.8
1142,1142,2018-08-07,6.016666666666667
1143,1143,2018-08-08,6.7
1144,1144,2018-08-09,6.7
1145,1145,2018-08-10,7.2
1146,1146,2018-08-11,6.75
1147,1147,2018-08-12,7.05
1148,1148,2018-08-13,6.166666666666667
1149,1149,2018-08-14,4.7
1150,1150,2018-08-15,5.933333333333334
1151,1151,2018-08-16,6.533333333333333
1152,1152,2018-08-17,6.516666666666667
1153,1153,2018-08-18,8.666666666666666
1154,1154,2018-08-19,6.0
1155,1155,2018-08-20,6.183333333333334
1156,1156,2018-08-21,5.783333333333333
1157,1157,2018-08-22,7.233333333333333
1158,1158,2018-08-23,6.466666666666667
1159,1159,2018-08-24,6.55
1160,1160,2018-08-25,7.783333333333333
1161,1161,2018-08-26,7.283333333333333
1162,1162,2018-08-27,6.25
1163,1163,2018-08-28,6.783333333333333
1164,1164,2018-08-29,6.683333333333334
1165,1165,2018-08-30,7.133333333333334
1166,1166,2018-08-31,6.65
1167,1167,2018-09-01,6.966666666666667
1168,1168,2018-09-02,8.216666666666667
1169,1169,2018-09-03,6.983333333333333
1170,1170,2018-09-04,7.7
1171,1171,2018-09-05,6.416666666666667
1172,1172,2018-09-06,5.866666666666666
1173,1173,2018-09-07,6.733333333333333
1174,1174,2018-09-08,6.05
1175,1175,2018-09-09,7.766666666666667
1176,1176,2018-09-10,6.683333333333334
1177,1177,2018-09-11,6.0
1178,1178,2018-09-12,6.383333333333334
1179,1179,2018-09-13,6.433333333333334
1180,1180,2018-09-14,6.466666666666667
1181,1181,2018-09-15,6.666666666666667
1182,1182,2018-09-16,6.233333333333333
1183,1183,2018-09-17,7.016666666666667
1184,1184,2018-09-18,6.616666666666666
1185,1185,2018-09-19,5.15
1186,1186,2018-09-20,6.05
1187,1187,2018-09-21,5.583333333333333
1188,1188,2018-09-22,7.583333333333333
1189,1189,2018-09-23,7.066666666666666
1190,1190,2018-09-24,7.033333333333333
1191,1191,2018-09-25,2.8666666666666667
1192,1192,2018-09-26,4.516666666666667
1193,1193,2018-09-27,7.083333333333333
1194,1194,2018-09-28,6.916666666666667
1195,1195,2018-09-29,8.683333333333334
1196,1196,2018-09-30,7.866666666666666
1197,1197,2018-10-01,6.716666666666667
1198,1198,2018-10-02,6.833333333333333
1199,1199,2018-10-03,6.25
1200,1200,2018-10-04,7.116666666666666
1201,1201,2018-10-05,7.733333333333333
1202,1202,2018-10-06,5.933333333333334
1203,1203,2018-10-07,7.483333333333333
1204,1204,2018-10-08,6.883333333333334
1205,1205,2018-10-09,5.75
1206,1206,2018-10-10,7.5
1207,1207,2018-10-11,5.783333333333333
1208,1208,2018-10-12,7.633333333333334
1209,1209,2018-10-13,7.0
1210,1210,2018-10-14,7.6
1211,1211,2018-10-15,6.983333333333333
1212,1212,2018-10-16,6.916666666666667
1213,1213,2018-10-17,7.883333333333334
1214,1214,2018-10-18,6.633333333333334
1215,1215,2018-10-19,6.533333333333333
1216,1216,2018-10-20,7.85
1217,1217,2018-10-21,7.533333333333333
1218,1218,2018-10-22,7.433333333333334
1219,1219,2018-10-23,7.583333333333333
1220,1220,2018-10-24,6.783333333333333
1221,1221,2018-10-25,5.816666666666666
1222,1222,2018-10-26,7.216666666666667
1223,1223,2018-10-27,6.266666666666667
1224,1224,2018-10-28,7.55
1225,1225,2018-10-29,6.25
1226,1226,2018-10-30,5.783333333333333
1227,1227,2018-10-31,6.533333333333333
1228,1228,2018-11-01,7.133333333333334
1229,1229,2018-11-02,6.816666666666666
1230,1230,2018-11-03,6.25
1231,1231,2018-11-04,8.05
1232,1232,2018-11-05,6.583333333333333
1233,1233,2018-11-06,6.633333333333334
1234,1234,2018-11-07,6.116666666666666
1235,1235,2018-11-08,7.616666666666666
1236,1236,2018-11-09,6.616666666666666
1237,1237,2018-11-10,6.833333333333333
1238,1238,2018-11-11,8.716666666666667
1239,1239,2018-11-12,6.85
1240,1240,2018-11-13,6.95
1241,1241,2018-11-14,5.566666666666666
1242,1242,2018-11-15,6.5
1243,1243,2018-11-16,6.416666666666667
1244,1244,2018-11-17,7.433333333333334
1245,1245,2018-11-18,6.733333333333333
1246,1246,2018-11-19,5.766666666666667
1247,1247,2018-11-20,5.683333333333334
1248,1248,2018-11-21,6.3
1249,1249,2018-11-22,7.833333333333333
1250,1250,2018-11-23,5.25
1251,1251,2018-11-24,7.933333333333334
1252,1252,2018-11-25,6.45
1253,1253,2018-11-26,4.733333333333333
1254,1254,2018-11-27,5.333333333333333
1255,1255,2018-11-28,7.483333333333333
1256,1256,2018-11-29,7.366666666666666
1257,1257,2018-11-30,7.383333333333334
1258,1258,2018-12-01,7.783333333333333
1259,1259,2018-12-04,8.116666666666667
1260,1260,2018-12-05,6.383333333333334
1261,1261,2018-12-06,6.366666666666666
1262,1262,2018-12-07,7.05
1263,1263,2018-12-08,7.266666666666667
1264,1264,2018-12-09,7.4
1265,1265,2018-12-10,5.15
1266,1266,2018-12-11,7.566666666666666
1267,1267,2018-12-12,7.083333333333333
1268,1268,2018-12-13,6.866666666666666
1269,1269,2018-12-14,6.55
1270,1270,2018-12-15,6.9
1271,1271,2018-12-16,6.633333333333334
1272,1272,2018-12-17,4.1
1273,1273,2018-12-18,5.4
1274,1274,2018-12-19,6.966666666666667
1275,1275,2018-12-20,6.816666666666666
1276,1276,2018-12-21,6.6
1277,1277,2018-12-22,5.716666666666667
1278,1278,2018-12-23,7.683333333333334
1279,1279,2018-12-30,7.633333333333334
1280,1280,2019-01-01,4.8
1281,1281,2019-01-02,7.6
1282,1282,2019-01-03,7.3
1283,1283,2019-01-04,7.0
1284,1284,2019-01-05,7.233333333333333
1285,1285,2019-01-06,6.533333333333333
1286,1286,2019-01-07,5.75
1287,1287,2019-01-08,5.95
1288,1288,2019-01-09,6.066666666666666
1289,1289,2019-01-10,5.733333333333333
1290,1290,2019-01-11,7.1
1291,1291,2019-01-12,8.333333333333334
1292,1292,2019-01-13,7.6
1293,1293,2019-01-14,7.05
1294,1294,2019-01-15,5.433333333333334
1295,1295,2019-01-16,6.866666666666666
1296,1296,2019-01-17,6.75
1297,1297,2019-01-18,7.083333333333333
1298,1298,2019-01-19,7.9
1299,1299,2019-01-20,6.383333333333334
1300,1300,2019-01-21,5.85
1301,1301,2019-01-22,5.35
1302,1302,2019-01-23,6.633333333333334
1303,1303,2019-01-24,6.466666666666667
1304,1304,2019-01-25,6.25
1305,1305,2019-01-26,5.216666666666667
1306,1306,2019-01-27,8.85
1307,1307,2019-01-28,6.866666666666666
1308,1308,2019-01-29,6.25
1309,1309,2019-01-30,6.5
1310,1310,2019-01-31,6.516666666666667
1311,1311,2019-02-01,5.3
1312,1312,2019-02-02,7.183333333333334
1313,1313,2019-02-03,6.2
1314,1314,2019-02-04,7.116666666666666
1315,1315,2019-02-05,6.5
1316,1316,2019-02-06,6.7
1317,1317,2019-02-07,6.733333333333333
1318,1318,2019-02-08,6.666666666666667
1319,1319,2019-02-09,7.416666666666667
1320,1320,2019-02-10,6.616666666666666
1321,1321,2019-02-11,6.1
1322,1322,2019-02-12,5.633333333333334
1323,1323,2019-02-13,6.6
1324,1324,2019-02-14,5.483333333333333
1325,1325,2019-02-15,4.883333333333334
1326,1326,2019-02-16,6.183333333333334
1327,1327,2019-02-17,7.566666666666666
1328,1328,2019-02-18,5.5
1329,1329,2019-02-19,6.366666666666666
1330,1330,2019-02-20,6.7
1331,1331,2019-02-21,4.066666666666666
1332,1332,2019-02-22,8.133333333333333
1333,1333,2019-02-23,7.583333333333333
1334,1334,2019-02-24,7.566666666666666
1335,1335,2019-02-25,6.0
1336,1336,2019-02-26,6.95
1337,1337,2019-02-27,4.933333333333334
1338,1338,2019-02-28,5.916666666666667
1339,1339,2019-03-01,6.65
1340,1340,2019-03-02,6.0
1341,1341,2019-03-03,5.833333333333333
1342,1342,2019-03-04,6.666666666666667
1343,1343,2019-03-05,6.983333333333333
1344,1344,2019-03-06,6.483333333333333
1345,1345,2019-03-07,6.516666666666667
1346,1346,2019-03-08,7.233333333333333
1347,1347,2019-03-09,5.416666666666667
1348,1348,2019-03-10,4.6
1349,1349,2019-03-11,8.05
1350,1350,2019-03-12,6.583333333333333
1351,1351,2019-03-13,6.766666666666667
1352,1352,2019-03-14,6.166666666666667
1353,1353,2019-03-15,7.583333333333333
1354,1354,2019-03-16,6.8
1355,1355,2019-03-17,7.583333333333333
1356,1356,2019-03-18,4.85
1357,1357,2019-03-19,5.416666666666667
1358,1358,2019-03-20,6.233333333333333
1359,1359,2019-03-21,5.966666666666667
1360,1360,2019-03-22,5.016666666666667
1361,1361,2019-03-23,6.666666666666667
1362,1362,2019-03-24,7.316666666666666
1363,1363,2019-03-25,6.333333333333333
1364,1364,2019-03-26,5.5
1365,1365,2019-03-27,6.383333333333334
1366,1366,2019-03-28,7.233333333333333
1367,1367,2019-03-29,7.65
1368,1368,2019-03-30,5.9
1369,1369,2019-03-31,7.55
1370,1370,2019-04-01,6.533333333333333
1371,1371,2019-04-02,6.8
1372,1372,2019-04-03,6.666666666666667
1373,1373,2019-04-04,6.9
1374,1374,2019-04-05,5.9
1375,1375,2019-04-06,6.383333333333334
1376,1376,2019-04-07,6.583333333333333
1377,1377,2019-04-08,3.4833333333333334
1378,1378,2019-04-09,6.166666666666667
1379,1379,2019-04-10,7.033333333333333
1380,1380,2019-04-11,7.133333333333334
1381,1381,2019-04-12,6.3
1382,1382,2019-04-13,8.5
1383,1383,2019-04-14,7.0
1384,1384,2019-04-15,6.316666666666666
1385,1385,2019-04-16,6.4
1386,1386,2019-04-17,6.683333333333334
1387,1387,2019-04-18,6.516666666666667
1388,1388,2019-04-19,7.116666666666666
1389,1389,2019-04-20,7.133333333333334
1390,1390,2019-04-21,6.7
1391,1391,2019-04-24,6.833333333333333
1392,1392,2019-04-25,6.233333333333333
1393,1393,2019-04-26,6.45
1394,1394,2019-04-27,6.633333333333334
1395,1395,2019-04-28,5.683333333333334
1396,1396,2019-04-29,5.8
1397,1397,2019-04-30,5.45
1398,1398,2019-05-01,6.833333333333333
1399,1399,2019-05-02,6.4
1400,1400,2019-05-03,6.4
1401,1401,2019-05-04,4.166666666666667
1402,1402,2019-05-05,7.583333333333333
1403,1403,2019-05-06,6.333333333333333
1404,1404,2019-05-07,6.833333333333333
1405,1405,2019-05-08,6.7
1406,1406,2019-05-09,6.666666666666667
1407,1407,2019-05-10,6.35
1408,1408,2019-05-11,5.616666666666666
1409,1409,2019-05-12,7.266666666666667
1410,1410,2019-05-13,6.233333333333333
1411,1411,2019-05-14,5.716666666666667
1412,1412,2019-05-15,6.966666666666667
1413,1413,2019-05-16,6.833333333333333
1414,1414,2019-05-17,7.233333333333333
1415,1415,2019-05-18,6.266666666666667
1416,1416,2019-05-19,6.6
1417,1417,2019-05-20,6.766666666666667
1418,1418,2019-05-21,6.0
1419,1419,2019-05-22,7.133333333333334
1420,1420,2019-05-23,6.416666666666667
1421,1421,2019-05-24,6.016666666666667
1422,1422,2019-05-27,5.616666666666666
1423,1423,2019-05-28,6.3
1424,1424,2019-05-29,6.116666666666666
1425,1425,2019-05-30,6.766666666666667
1426,1426,2019-05-31,6.5
1427,1427,2019-06-01,6.433333333333334
1428,1428,2019-06-02,6.433333333333334
1429,1429,2019-06-03,4.8
1430,1430,2019-06-04,6.266666666666667
1431,1431,2019-06-05,5.433333333333334
1432,1432,2019-06-06,5.833333333333333
1433,1433,2019-06-07,5.666666666666667
1434,1434,2019-06-08,6.483333333333333
1435,1435,2019-06-09,6.383333333333334
1436,1436,2019-06-10,6.233333333333333
1437,1437,2019-06-11,6.083333333333333
1438,1438,2019-06-12,7.05
1439,1439,2019-06-13,6.5
1440,1440,2019-06-14,5.6
1441,1441,2019-06-15,6.183333333333334
1442,1442,2019-06-16,6.95
1443,1443,2019-06-17,6.9
1444,1444,2019-06-18,7.333333333333333
1445,1445,2019-06-19,6.6
1446,1446,2019-06-20,6.066666666666666
1447,1447,2019-06-21,6.55
1448,1448,2019-06-22,7.416666666666667
1449,1449,2019-06-23,7.15
1450,1450,2019-06-24,7.133333333333334
1451,1451,2019-06-25,5.583333333333333
1452,1452,2019-06-26,5.083333333333333
1453,1453,2019-06-27,7.916666666666667
1454,1454,2019-06-28,6.383333333333334
1455,1455,2019-06-29,5.75
1456,1456,2019-06-30,6.516666666666667
1457,1457,2019-07-01,6.383333333333334
1458,1458,2019-07-02,5.833333333333333
1459,1459,2019-07-03,7.116666666666666
1460,1460,2019-07-04,7.566666666666666
1461,1461,2019-07-05,5.283333333333333
1462,1462,2019-07-06,5.783333333333333
1463,1463,2019-07-07,6.4
1464,1464,2019-07-08,6.966666666666667
1465,1465,2019-07-09,7.466666666666667
1466,1466,2019-07-10,7.466666666666667
1467,1467,2019-07-11,5.233333333333333
1468,1468,2019-07-12,5.683333333333334
1469,1469,2019-07-13,5.7
1470,1470,2019-07-14,8.466666666666667
1471,1471,2019-07-15,5.816666666666666
1472,1472,2019-07-16,5.65
1473,1473,2019-07-17,7.116666666666666
1474,1474,2019-07-18,7.25
1475,1475,2019-07-19,5.466666666666667
1476,1476,2019-07-20,6.316666666666666
1477,1477,2019-07-21,6.8
1478,1478,2019-07-22,6.716666666666667
1479,1479,2019-07-23,7.616666666666666
1480,1480,2019-07-24,6.966666666666667
1481,1481,2019-07-25,7.15
1482,1482,2019-07-26,6.5
1483,1483,2019-07-27,7.316666666666666
1484,1484,2019-07-28,5.716666666666667
1485,1485,2019-07-29,5.983333333333333
1486,1486,2019-07-30,7.3
1487,1487,2019-07-31,5.416666666666667
1488,1488,2019-08-01,7.833333333333333
1489,1489,2019-08-02,5.4
1490,1490,2019-08-03,7.966666666666667
1491,1491,2019-08-04,5.783333333333333
1492,1492,2019-08-05,6.233333333333333
1493,1493,2019-08-06,6.2
1494,1494,2019-08-07,7.05
1495,1495,2019-08-09,6.916666666666667
1496,1496,2019-08-10,7.366666666666666
1497,1497,2019-08-11,7.6
1498,1498,2019-08-12,6.4
1499,1499,2019-08-13,6.616666666666666
1500,1500,2019-08-14,8.7
1501,1501,2019-08-15,6.8
1502,1502,2019-08-16,3.466666666666667
1503,1503,2019-08-17,7.5
1504,1504,2019-08-18,6.266666666666667
1505,1505,2019-08-19,7.45
1506,1506,2019-08-20,6.833333333333333
1507,1507,2019-08-21,6.716666666666667
1508,1508,2019-08-22,7.883333333333334
1509,1509,2019-08-23,7.916666666666667
1510,1510,2019-08-24,7.45
1511,1511,2019-08-25,6.783333333333333
1512,1512,2019-08-26,7.45
1513,1513,2019-08-27,6.533333333333333
1514,1514,2019-08-28,7.016666666666667
1515,1515,2019-08-29,7.75
1516,1516,2019-08-30,6.516666666666667
1517,1517,2019-08-31,7.083333333333333
1518,1518,2019-09-01,7.016666666666667
1519,1519,2019-09-02,6.983333333333333
1520,1520,2019-09-03,6.766666666666667
1521,1521,2019-09-04,6.983333333333333
1522,1522,2019-09-05,7.966666666666667
1523,1523,2019-09-06,6.433333333333334
1524,1524,2019-09-07,6.666666666666667
1525,1525,2019-09-08,7.216666666666667
1526,1526,2019-09-09,6.733333333333333
1527,1527,2019-09-10,8.166666666666666
1528,1528,2019-09-11,6.066666666666666
1529,1529,2019-09-12,6.333333333333333
1530,1530,2019-09-13,7.15
1531,1531,2019-09-14,7.15
1532,1532,2019-09-15,7.666666666666667
1533,1533,2019-09-16,5.933333333333334
1534,1534,2019-09-17,6.716666666666667
1535,1535,2019-09-18,7.383333333333334
1536,1536,2019-09-19,8.3
1537,1537,2019-09-20,6.8
1538,1538,2019-09-21,5.916666666666667
1539,1539,2019-09-22,8.466666666666667
1540,1540,2019-09-23,6.016666666666667
1541,1541,2019-09-24,5.516666666666667
1542,1542,2019-09-25,5.483333333333333
1543,1543,2019-09-26,7.366666666666666
1544,1544,2019-09-27,6.816666666666666
1545,1545,2019-09-28,7.9
1546,1546,2019-09-29,8.0
1547,1547,2019-09-30,5.35
1548,1548,2019-10-01,6.466666666666667
1549,1549,2019-10-02,6.35
1550,1550,2019-10-03,5.7
1551,1551,2019-10-04,6.5
1552,1552,2019-10-05,5.766666666666667
1553,1553,2019-10-06,6.516666666666667
1554,1554,2019-10-07,7.166666666666667
1555,1555,2019-10-08,5.533333333333333
1556,1556,2019-10-09,6.0
1557,1557,2019-10-10,5.95
1558,1558,2019-10-11,3.866666666666666
1559,1559,2019-10-12,6.316666666666666
1560,1560,2019-10-13,6.55
1561,1561,2019-10-14,6.35
1562,1562,2019-10-15,4.183333333333334
1563,1563,2019-10-16,5.316666666666666
1564,1564,2019-10-17,6.183333333333334
1565,1565,2019-10-18,7.016666666666667
1566,1566,2019-10-19,6.483333333333333
1567,1567,2019-10-20,6.833333333333333
1568,1568,2019-10-21,5.5
1569,1569,2019-10-22,6.366666666666666
1570,1570,2019-10-23,5.233333333333333
1571,1571,2019-10-24,6.316666666666666
1572,1572,2019-10-25,6.333333333333333
1573,1573,2019-10-26,7.65
1574,1574,2019-10-27,9.533333333333331
1575,1575,2019-10-28,4.15
1576,1576,2019-10-29,4.966666666666667
1577,1577,2019-10-30,6.85
1578,1578,2019-10-31,6.8
1579,1579,2019-11-01,6.216666666666667
1580,1580,2019-11-02,6.6
1581,1581,2019-11-03,4.516666666666667
1582,1582,2019-11-04,7.966666666666667
1583,1583,2019-11-05,7.066666666666666
1584,1584,2019-11-06,6.516666666666667
1585,1585,2019-11-07,7.483333333333333
1586,1586,2019-11-08,7.283333333333333
1587,1587,2019-11-09,6.816666666666666
1588,1588,2019-11-10,7.033333333333333
1589,1589,2019-11-11,5.266666666666667
1590,1590,2019-11-12,6.316666666666666
1591,1591,2019-11-13,6.216666666666667
1592,1592,2019-11-14,5.866666666666666
1593,1593,2019-11-15,7.433333333333334
1594,1594,2019-11-16,6.333333333333333
1595,1595,2019-11-17,7.216666666666667
1596,1596,2019-11-18,5.683333333333334
1597,1597,2019-11-19,6.666666666666667
1598,1598,2019-11-20,5.75
1599,1599,2019-11-21,4.05
1600,1600,2019-11-22,6.683333333333334
1601,1601,2019-11-23,6.183333333333334
1602,1602,2019-11-24,7.516666666666667
1603,1603,2019-11-25,5.75
1604,1604,2019-11-26,4.0
1605,1605,2019-11-27,5.966666666666667
1606,1606,2019-11-28,6.75
1607,1607,2019-11-29,5.083333333333333
1608,1608,2019-11-30,7.5
1609,1609,2019-12-01,7.816666666666666
1610,1610,2019-12-02,5.916666666666667
1611,1611,2019-12-03,6.95
1612,1612,2019-12-04,6.083333333333333
1613,1613,2019-12-05,6.766666666666667
1614,1614,2019-12-06,6.7
1615,1615,2019-12-07,9.816666666666666
1616,1616,2019-12-08,6.783333333333333
1617,1617,2019-12-09,4.05
1618,1618,2019-12-10,6.05
1619,1619,2019-12-11,5.583333333333333
1620,1620,2019-12-12,5.8
1621,1621,2019-12-13,7.466666666666667
1622,1622,2019-12-14,7.5
1623,1623,2019-12-15,4.383333333333334
1624,1624,2019-12-16,6.9
1625,1625,2019-12-17,6.616666666666666
1626,1626,2019-12-18,6.066666666666666
1627,1627,2019-12-19,6.816666666666666
1628,1628,2019-12-20,6.683333333333334
1629,1629,2019-12-21,7.333333333333333
1630,1630,2019-12-22,7.433333333333334
1631,1631,2019-12-23,7.183333333333334
1632,1632,2019-12-24,5.95
1633,1633,2019-12-25,6.233333333333333
1634,1634,2019-12-26,6.233333333333333
1635,1635,2019-12-27,6.85
1636,1636,2019-12-28,6.633333333333334
1637,1637,2019-12-29,6.2
1638,1638,2019-12-30,5.5
1639,1639,2019-12-31,8.083333333333334
1640,1640,2020-01-01,4.933333333333334
1641,1641,2020-01-02,5.766666666666667
1642,1642,2020-01-03,6.983333333333333
1643,1643,2020-01-04,7.45
1644,1644,2020-01-05,6.3
1645,1645,2020-01-06,6.15
1646,1646,2020-01-07,7.033333333333333
1647,1647,2020-01-08,6.316666666666666
1648,1648,2020-01-09,5.916666666666667
1649,1649,2020-01-10,4.266666666666667
1650,1650,2020-01-11,6.933333333333334
1651,1651,2020-01-12,7.983333333333333
1652,1652,2020-01-13,5.183333333333334
1653,1653,2020-01-14,3.583333333333333
1654,1654,2020-01-15,5.616666666666666
1655,1655,2020-01-16,7.983333333333333
1656,1656,2020-01-17,7.816666666666666
1657,1657,2020-01-18,6.166666666666667
1658,1658,2020-01-19,6.316666666666666
1659,1659,2020-01-20,8.116666666666667
1660,1660,2020-01-21,8.2
1661,1661,2020-01-22,7.216666666666667
1662,1662,2020-01-23,5.966666666666667
1663,1663,2020-01-24,5.8
1664,1664,2020-01-25,6.883333333333334
1665,1665,2020-01-26,7.3
1666,1666,2020-01-27,7.9
1667,1667,2020-01-28,7.216666666666667
1668,1668,2020-01-29,6.566666666666666
1669,1669,2020-01-30,7.05
1670,1670,2020-01-31,6.266666666666667
1671,1671,2020-02-01,7.083333333333333
1672,1672,2020-02-02,6.916666666666667
1673,1673,2020-02-03,7.15
1674,1674,2020-02-04,6.366666666666666
1675,1675,2020-02-05,6.516666666666667
1676,1676,2020-02-06,7.05
1677,1677,2020-02-07,7.533333333333333
1678,1678,2020-02-08,7.25
1679,1679,2020-02-09,7.116666666666666
1680,1680,2020-02-10,7.266666666666667
1681,1681,2020-02-11,5.95
1682,1682,2020-02-12,6.583333333333333
1683,1683,2020-02-13,6.883333333333334
1684,1684,2020-02-14,6.233333333333333
1685,1685,2020-02-15,7.466666666666667
1686,1686,2020-02-16,7.683333333333334
1687,1687,2020-02-17,1.65
1688,1688,2020-02-18,5.666666666666667
1689,1689,2020-02-19,8.383333333333333
1690,1690,2020-02-20,7.966666666666667
1691,1691,2020-02-21,7.066666666666666
1692,1692,2020-02-22,7.483333333333333
1693,1693,2020-02-23,6.25
1694,1694,2020-02-24,6.366666666666666
1695,1695,2020-02-25,5.65
1696,1696,2020-02-26,6.733333333333333
1697,1697,2020-02-27,7.183333333333334
1698,1698,2020-02-28,6.216666666666667
1699,1699,2020-02-29,7.633333333333334
1700,1700,2020-03-01,5.866666666666666
1701,1701,2020-03-02,6.5
1702,1702,2020-03-03,5.416666666666667
1703,1703,2020-03-04,8.033333333333333
1704,1704,2020-03-05,5.866666666666666
1705,1705,2020-03-06,9.016666666666667
1706,1706,2020-03-08,6.966666666666667
1707,1707,2020-03-09,7.45
1708,1708,2020-03-10,6.2
1709,1709,2020-03-11,7.266666666666667
1710,1710,2020-03-12,7.716666666666667
1711,1711,2020-03-13,7.316666666666666
1712,1712,2020-03-14,7.933333333333334
1713,1713,2020-03-15,8.433333333333334
1714,1714,2020-03-16,6.45
1715,1715,2020-03-17,7.466666666666667
1716,1716,2020-03-18,5.65
1717,1717,2020-03-19,7.033333333333333
1718,1718,2020-03-20,7.55
1719,1719,2020-03-21,7.016666666666667
1720,1720,2020-03-22,6.266666666666667
1721,1721,2020-03-23,6.95
1722,1722,2020-03-24,6.85
1723,1723,2020-03-25,7.433333333333334
1724,1724,2020-03-26,7.683333333333334
1725,1725,2020-03-27,6.616666666666666
1726,1726,2020-03-28,6.45
1727,1727,2020-03-29,5.983333333333333
1728,1728,2020-03-30,6.6
1729,1729,2020-03-31,5.566666666666666
1730,1730,2020-04-01,7.583333333333333
1731,1731,2020-04-02,7.283333333333333
1732,1732,2020-04-03,6.183333333333334
1733,1733,2020-04-04,7.083333333333333
1734,1734,2020-04-05,6.416666666666667
1735,1735,2020-04-06,7.35
1736,1736,2020-04-07,5.85
1737,1737,2020-04-08,4.933333333333334
1738,1738,2020-04-09,5.85
1739,1739,2020-04-10,6.283333333333333
1740,1740,2020-04-11,5.75
1741,1741,2020-04-12,6.216666666666667
1742,1742,2020-04-13,4.866666666666666
1743,1743,2020-04-14,4.516666666666667
1744,1744,2020-04-15,6.266666666666667
1745,1745,2020-04-16,6.566666666666666
1746,1746,2020-04-17,6.233333333333333
1747,1747,2020-04-18,6.566666666666666
1748,1748,2020-04-19,6.916666666666667
1749,1749,2020-04-20,4.25
1750,1750,2020-04-21,6.183333333333334
1751,1751,2020-04-22,5.9
1752,1752,2020-04-23,7.483333333333333
1753,1753,2020-04-24,5.733333333333333
1754,1754,2020-04-25,6.483333333333333
1755,1755,2020-04-26,6.4
1756,1756,2020-04-27,7.266666666666667
1757,1757,2020-04-28,5.833333333333333
1758,1758,2020-04-29,5.35
1759,1759,2020-04-30,8.7
1760,1760,2020-05-01,5.5
1761,1761,2020-05-02,5.45
1762,1762,2020-05-03,6.183333333333334
1763,1763,2020-05-04,5.983333333333333
1764,1764,2020-05-05,7.483333333333333
1765,1765,2020-05-06,6.05
1766,1766,2020-05-07,7.666666666666667
1767,1767,2020-05-08,5.5
1768,1768,2020-05-09,6.5
1769,1769,2020-05-10,8.133333333333333
1770,1770,2020-05-11,7.733333333333333
1771,1771,2020-05-12,6.95
1772,1772,2020-05-13,6.1
1773,1773,2020-05-14,4.883333333333334
1774,1774,2020-05-15,6.833333333333333
1775,1775,2020-05-16,7.183333333333334
1776,1776,2020-05-17,7.566666666666666
1777,1777,2020-05-18,6.5
1778,1778,2020-05-19,6.066666666666666
1779,1779,2020-05-20,6.233333333333333
1780,1780,2020-05-21,7.266666666666667
1781,1781,2020-05-22,6.933333333333334
1782,1782,2020-05-23,7.783333333333333
1783,1783,2020-05-24,6.566666666666666
1784,1784,2020-05-25,5.8
1785,1785,2020-05-26,5.95
1786,1786,2020-05-27,6.916666666666667
1787,1787,2020-05-28,6.466666666666667
1788,1788,2020-05-29,6.883333333333334
1789,1789,2020-05-30,8.466666666666667
1790,1790,2020-05-31,6.616666666666666
1791,1791,2020-06-01,7.433333333333334
1792,1792,2020-06-02,6.833333333333333
1793,1793,2020-06-03,6.116666666666666
1794,1794,2020-06-04,7.333333333333333
1795,1795,2020-06-05,6.983333333333333
1796,1796,2020-06-06,6.25
1797,1797,2020-06-07,4.383333333333334
1798,1798,2020-06-08,6.383333333333334
1799,1799,2020-06-09,5.933333333333334
1800,1800,2020-06-10,7.133333333333334
1801,1801,2020-06-11,5.85
1802,1802,2020-06-13,7.233333333333333
1803,1803,2020-06-14,6.7
1804,1804,2020-06-15,6.766666666666667
1805,1805,2020-06-16,5.5
1806,1806,2020-06-17,8.783333333333333
1807,1807,2020-06-18,7.333333333333333
1808,1808,2020-06-19,6.916666666666667
1809,1809,2020-06-20,7.466666666666667
1810,1810,2020-06-21,8.266666666666667
1811,1811,2020-06-22,7.7
1812,1812,2020-06-23,5.766666666666667
1813,1813,2020-06-24,6.566666666666666
1814,1814,2020-06-25,6.916666666666667
1815,1815,2020-06-26,7.15
1816,1816,2020-06-27,6.916666666666667
1817,1817,2020-06-28,5.633333333333334
1818,1818,2020-06-29,6.383333333333334
1819,1819,2020-06-30,7.283333333333333
1820,1820,2020-07-01,6.083333333333333
1821,1821,2020-07-02,8.333333333333334
1822,1822,2020-07-03,7.783333333333333
1823,1823,2020-07-04,7.733333333333333
1824,1824,2020-07-05,7.183333333333334
1825,1825,2020-07-07,3.183333333333333
1826,1826,2020-07-08,7.316666666666666
1827,1827,2020-07-09,7.416666666666667
1828,1828,2020-07-10,7.033333333333333
1829,1829,2020-07-11,6.0
1830,1830,2020-07-12,6.95
1831,1831,2020-07-13,7.3
1832,1832,2020-07-14,7.15
1833,1833,2020-07-15,7.3
1834,1834,2020-07-16,9.583333333333334
1835,1835,2020-07-17,8.166666666666666
1836,1836,2020-07-18,6.716666666666667
1837,1837,2020-07-19,7.266666666666667
1838,1838,2020-07-20,4.766666666666667
1839,1839,2020-07-21,4.883333333333334
1840,1840,2020-07-22,6.433333333333334
1841,1841,2020-07-23,6.55
1842,1842,2020-07-24,7.233333333333333
1843,1843,2020-07-25,5.633333333333334
1844,1844,2020-07-26,7.483333333333333
1845,1845,2020-07-27,7.766666666666667
1846,1846,2020-07-28,6.966666666666667
1847,1847,2020-07-29,7.1
1848,1848,2020-07-30,7.35
1849,1849,2020-07-31,8.316666666666666
1850,1850,2020-08-01,6.533333333333333
1851,1851,2020-08-02,7.916666666666667
1852,1852,2020-08-03,5.666666666666667
1853,1853,2020-08-04,5.483333333333333
1854,1854,2020-08-05,7.1
1855,1855,2020-08-06,6.783333333333333
1856,1856,2020-08-07,6.95
1857,1857,2020-08-08,7.183333333333334
1858,1858,2020-08-09,6.216666666666667
1859,1859,2020-08-10,6.35
1860,1860,2020-08-11,7.25
1861,1861,2020-08-12,5.916666666666667
1862,1862,2020-08-13,5.183333333333334
1863,1863,2020-08-14,5.816666666666666
1864,1864,2020-08-15,6.533333333333333
1865,1865,2020-08-16,6.483333333333333
1866,1866,2020-08-17,6.2
1867,1867,2020-08-18,7.3
1868,1868,2020-08-19,7.85
1869,1869,2020-08-20,1.5
1870,1870,2020-08-21,4.533333333333333
1871,1871,2020-08-22,8.233333333333333
1872,1872,2020-08-23,6.216666666666667
1873,1873,2020-08-24,6.966666666666667
1874,1874,2020-08-25,6.966666666666667
1875,1875,2020-08-26,5.2
1876,1876,2020-08-27,8.083333333333334
1877,1877,2020-08-28,7.25
1878,1878,2020-08-29,6.816666666666666
1879,1879,2020-08-30,7.966666666666667
1880,1880,2020-08-31,8.3
1881,1881,2020-09-01,5.966666666666667
1882,1882,2020-09-02,5.866666666666666
1883,1883,2020-09-03,2.25
1884,1884,2020-09-04,6.566666666666666
1885,1885,2020-09-05,8.016666666666667
1886,1886,2020-09-06,6.333333333333333
1887,1887,2020-09-07,6.533333333333333
1888,1888,2020-09-08,7.133333333333334
1889,1889,2020-09-09,7.583333333333333
1890,1890,2020-09-10,3.95
1891,1891,2020-09-11,6.516666666666667
1892,1892,2020-09-12,7.666666666666667
1893,1893,2020-09-13,4.183333333333334
1894,1894,2020-09-14,4.233333333333333
1895,1895,2020-09-15,6.466666666666667
1896,1896,2020-09-16,6.85
1897,1897,2020-09-17,6.583333333333333
1898,1898,2020-09-18,5.183333333333334
1899,1899,2020-09-19,5.583333333333333
1900,1900,2020-09-21,7.5
1901,1901,2020-09-22,4.65
1902,1902,2020-09-26,7.216666666666667
1903,1903,2020-09-27,6.616666666666666
1904,1904,2020-09-28,6.95
1905,1905,2020-09-29,8.025
1906,1906,2020-09-30,7.616666666666666
1907,1907,2020-10-01,6.108333333333333
1908,1908,2020-10-02,6.775
1909,1909,2020-10-03,5.641666666666667
1910,1910,2020-10-04,6.466666666666667
1911,1911,2020-10-05,6.108333333333333
1912,1912,2020-10-06,5.375
1913,1913,2020-10-07,8.066666666666666
1914,1914,2020-10-08,6.508333333333334
1915,1915,2020-10-09,7.508333333333333
1916,1916,2020-10-10,6.241666666666667
1917,1917,2020-10-11,6.75
1918,1918,2020-10-12,6.15
1919,1919,2020-10-13,7.483333333333333
1920,1920,2020-10-14,7.341666666666667
1921,1921,2020-10-15,7.566666666666666
1922,1922,2020-10-16,6.266666666666667
1923,1923,2020-10-17,6.225
1924,1924,2020-10-18,6.966666666666666
1925,1925,2020-10-19,6.1
1926,1926,2020-10-20,6.05
1927,1927,2020-10-21,7.258333333333334
1928,1928,2020-10-22,7.2666666666666675
1929,1929,2020-10-23,7.333333333333334
1930,1930,2020-10-24,6.575
1931,1931,2020-10-25,6.800000000000001
1932,1932,2020-10-26,5.95
1933,1933,2020-10-27,6.141666666666667
1934,1934,2020-10-28,6.541666666666667
1935,1935,2020-10-29,6.533333333333333
1936,1936,2020-10-30,6.075
1937,1937,2020-10-31,6.35
1938,1938,2020-11-01,7.3916666666666675
1939,1939,2020-11-02,7.683333333333333
1940,1940,2020-11-03,7.141666666666667
1941,1941,2020-11-04,5.741666666666667
1942,1942,2020-11-05,6.075
1943,1943,2020-11-06,6.316666666666666
1944,1944,2020-11-07,6.625
1945,1945,2020-11-08,6.991666666666666
1946,1946,2020-11-09,7.233333333333333
1947,1947,2020-11-10,7.275
1948,1948,2020-11-11,5.783333333333333
1949,1949,2020-11-12,6.716666666666667
1950,1950,2020-11-13,6.550000000000001
1951,1951,2020-11-14,7.083333333333333
1952,1952,2020-11-15,6.933333333333334
1953,1953,2020-11-16,6.725
1954,1954,2020-11-17,6.725
1955,1955,2020-11-18,7.116666666666666
1956,1956,2020-11-19,7.283333333333333
1957,1957,2020-11-20,6.775
1958,1958,2020-11-21,7.266666666666667
1959,1959,2020-11-22,6.775
1960,1960,2020-11-23,8.558333333333334
1961,1961,2020-11-24,6.516666666666667
1962,1962,2020-11-25,6.208333333333334
1963,1963,2020-11-27,5.35
1964,1964,2020-11-28,5.991666666666666
1965,1965,2020-11-29,6.333333333333334
1966,1966,2020-11-30,6.258333333333334
1967,1967,2020-12-01,6.341666666666667
1968,1968,2020-12-02,6.283333333333333
1969,1969,2020-12-03,6.133333333333333
1970,1970,2020-12-04,5.466666666666667
1971,1971,2020-12-05,6.908333333333333
1972,1972,2020-12-06,6.983333333333333
1973,1973,2020-12-07,6.3500000000000005
1974,1974,2020-12-08,6.058333333333334
1975,1975,2020-12-09,6.066666666666666
1976,1976,2020-12-10,5.883333333333333
1977,1977,2020-12-11,5.841666666666667
1978,1978,2020-12-12,7.091666666666667
1979,1979,2020-12-13,6.541666666666666
1980,1980,2020-12-14,5.383333333333333
1981,1981,2020-12-15,5.508333333333333
1982,1982,2020-12-16,5.841666666666667
1983,1983,2020-12-17,5.6
1984,1984,2020-12-18,5.183333333333334
1985,1985,2020-12-19,5.816666666666666
1986,1986,2020-12-20,5.633333333333333
1987,1987,2020-12-21,6.583333333333334
1988,1988,2020-12-22,6.241666666666666
1989,1989,2020-12-23,7.058333333333334
1990,1990,2020-12-24,4.6000000000000005
1991,1991,2020-12-25,9.066666666666666
1992,1992,2020-12-26,6.358333333333333
1993,1993,2020-12-27,5.725
1994,1994,2020-12-28,5.266666666666667
1995,1995,2020-12-29,6.191666666666666
1996,1996,2020-12-30,6.266666666666667
1997,1997,2020-12-31,6.55
1998,1998,2021-01-01,6.333333333333333
1999,1999,2021-01-02,5.925
2000,2000,2021-01-03,5.858333333333333
2001,2001,2021-01-04,5.883333333333334
2002,2002,2021-01-05,6.141666666666667
2003,2003,2021-01-06,4.491666666666667
2004,2004,2021-01-07,6.708333333333333
2005,2005,2021-01-08,6.441666666666666
2006,2006,2021-01-09,6.283333333333333
2007,2007,2021-01-10,7.15
2008,2008,2021-01-11,6.533333333333333
2009,2009,2021-01-12,6.875
2010,2010,2021-01-13,6.6
2011,2011,2021-01-14,5.691666666666667
2012,2012,2021-01-15,5.491666666666667
2013,2013,2021-01-16,6.466666666666667
2014,2014,2021-01-17,8.633333333333333
2015,2015,2021-01-18,6.333333333333333
2016,2016,2021-01-19,6.216666666666668
2017,2017,2021-01-20,5.733333333333333
2018,2018,2021-01-21,7.966666666666667
2019,2019,2021-01-22,7.85
2020,2020,2021-01-23,6.708333333333334
2021,2021,2021-01-24,7.491666666666667
2022,2022,2021-01-25,6.408333333333333
2023,2023,2021-01-26,6.866666666666667
2024,2024,2021-01-27,5.158333333333333
2025,2025,2021-01-28,6.641666666666667
2026,2026,2021-01-29,8.008333333333333
2027,2027,2021-01-30,7.066666666666666
2028,2028,2021-01-31,6.75
2029,2029,2021-02-01,6.916666666666667
2030,2030,2021-02-02,5.7
2031,2031,2021-02-03,7.316666666666666
2032,2032,2021-02-04,6.091666666666667
2033,2033,2021-02-05,7.258333333333334
2034,2034,2021-02-06,7.141666666666668
2035,2035,2021-02-07,6.108333333333333
2036,2036,2021-02-08,6.141666666666667
2037,2037,2021-02-09,5.941666666666667
2038,2038,2021-02-10,6.075
2039,2039,2021-02-11,6.358333333333333
2040,2040,2021-02-12,7.125
2041,2041,2021-02-13,7.35
2042,2042,2021-02-15,7.983333333333333
2043,2043,2021-02-16,7.958333333333333
2044,2044,2021-02-17,6.458333333333334
2045,2045,2021-02-18,7.608333333333333
2046,2046,2021-02-19,6.775
2047,2047,2021-02-20,7.1
2048,2048,2021-02-21,6.3
2049,2049,2021-02-22,6.833333333333333
2050,2050,2021-02-23,6.483333333333333
2051,2051,2021-02-24,7.066666666666666
2052,2052,2021-02-25,6.775
2053,2053,2021-02-26,7.483333333333333
2054,2054,2021-02-27,8.458333333333334
2055,2055,2021-02-28,6.941666666666666
2056,2056,2021-03-01,7.458333333333334
2057,2057,2021-03-02,7.325
2058,2058,2021-03-03,5.875
2059,2059,2021-03-04,6.691666666666667
2060,2060,2021-03-05,7.233333333333333
2061,2061,2021-03-06,6.266666666666667
2062,2062,2021-03-07,7.266666666666667
2063,2063,2021-03-08,7.516666666666667
2064,2064,2021-03-09,7.025
2065,2065,2021-03-10,6.941666666666667
2066,2066,2021-03-11,6.116666666666666
2067,2067,2021-03-12,7.641666666666667
2068,2068,2021-03-13,7.483333333333333
2069,2069,2021-03-14,8.316666666666666
2070,2070,2021-03-15,7.016666666666667
2071,2071,2021-03-16,6.533333333333334
2072,2072,2021-03-17,7.525
2073,2073,2021-03-18,7.0
2074,2074,2021-03-19,7.141666666666667
2075,2075,2021-03-20,6.366666666666667
2076,2076,2021-03-21,7.225
2077,2077,2021-03-22,7.35
2078,2078,2021-03-23,7.35
2079,2079,2021-03-24,7.0
2080,2080,2021-03-25,8.191666666666666
2081,2081,2021-03-26,7.166666666666667
2082,2082,2021-03-27,8.166666666666666
2083,2083,2021-03-28,6.6
2084,2084,2021-03-29,8.391666666666667
2085,2085,2021-03-30,7.4
2086,2086,2021-03-31,6.258333333333334
2087,2087,2021-04-01,6.766666666666667
2088,2088,2021-04-02,7.641666666666667
2089,2089,2021-04-03,6.95
2090,2090,2021-04-04,6.416666666666667
2091,2091,2021-04-05,5.491666666666667
2092,2092,2021-04-06,7.258333333333333
2093,2093,2021-04-07,6.533333333333334
2094,2094,2021-04-08,6.483333333333333
2095,2095,2021-04-09,6.483333333333333
2096,2096,2021-04-10,6.85
2097,2097,2021-04-11,7.616666666666667
2098,2098,2021-04-12,7.033333333333333
2099,2099,2021-04-13,6.516666666666667
2100,2100,2021-04-14,6.183333333333334
2101,2101,2021-04-15,6.641666666666667
2102,2102,2021-04-16,6.233333333333333
2103,2103,2021-04-17,6.783333333333333
2104,2104,2021-04-18,7.7
2105,2105,2021-04-19,6.533333333333333
2106,2106,2021-04-20,6.85
2107,2107,2021-04-21,7.383333333333333
2108,2108,2021-04-22,7.283333333333333
2109,2109,2021-04-23,6.725
2110,2110,2021-04-24,7.266666666666667
2111,2111,2021-04-25,7.191666666666666
2112,2112,2021-04-26,6.416666666666667
2113,2113,2021-04-27,6.675000000000001
2114,2114,2021-04-28,6.691666666666666
2115,2115,2021-04-29,6.508333333333333
2116,2116,2021-05-01,7.524999999999999
2117,2117,2021-05-02,6.666666666666667
2118,2118,2021-05-03,7.066666666666666
2119,2119,2021-05-04,6.358333333333333
2120,2120,2021-05-05,6.966666666666667
2121,2121,2021-05-06,6.866666666666667
2122,2122,2021-05-07,7.483333333333333
2123,2123,2021-05-08,7.016666666666668
2124,2124,2021-05-09,6.733333333333333
2125,2125,2021-05-10,6.375
2126,2126,2021-05-11,7.875
2127,2127,2021-05-12,6.916666666666667
2128,2128,2021-05-13,6.65
2129,2129,2021-05-14,6.216666666666667
2130,2130,2021-05-15,7.416666666666667
2131,2131,2021-05-16,6.508333333333334
2132,2132,2021-05-17,6.383333333333334
2133,2133,2021-05-18,7.791666666666667
2134,2134,2021-05-19,6.358333333333333
2135,2135,2021-05-20,6.591666666666667
2136,2136,2021-05-21,7.608333333333333
2137,2137,2021-05-22,8.916666666666666
2138,2138,2021-05-23,5.416666666666666
2139,2139,2021-05-24,6.475
2140,2140,2021-05-25,7.633333333333333
2141,2141,2021-05-26,5.883333333333334
2142,2142,2021-05-27,8.891666666666667
2143,2143,2021-05-28,7.05
2144,2144,2021-05-29,6.991666666666666
2145,2145,2021-05-30,5.333333333333333
2146,2146,2021-05-31,7.608333333333333
2147,2147,2021-06-01,5.991666666666667
2148,2148,2021-06-02,7.141666666666668
2149,2149,2021-06-03,7.008333333333333
2150,2150,2021-06-04,6.966666666666667
2151,2151,2021-06-05,8.391666666666666
2152,2152,2021-06-06,7.991666666666666
2153,2153,2021-06-07,5.983333333333333
2154,2154,2021-06-08,5.908333333333334
2155,2155,2021-06-09,6.383333333333334
2156,2156,2021-06-10,9.85
2157,2157,2021-06-11,7.2
2158,2158,2021-06-12,8.4
2159,2159,2021-06-13,7.075
2160,2160,2021-06-14,6.566666666666666
2161,2161,2021-06-15,6.758333333333334
2162,2162,2021-06-16,7.133333333333333
2163,2163,2021-06-18,7.358333333333333
2164,2164,2021-06-19,8.525
2165,2165,2021-06-20,7.625
2166,2166,2021-06-21,7.333333333333333
2167,2167,2021-06-22,7.550000000000001
2168,2168,2021-06-23,7.658333333333333
2169,2169,2021-06-24,6.3
2170,2170,2021-06-25,6.45
2171,2171,2021-06-26,8.283333333333333
2172,2172,2021-06-27,6.516666666666667
2173,2173,2021-06-28,7.675
2174,2174,2021-06-29,6.416666666666667
2175,2175,2021-06-30,8.275
2176,2176,2021-07-01,7.399999999999999
2177,2177,2021-07-02,6.116666666666666
2178,2178,2021-07-03,7.983333333333333
2179,2179,2021-07-04,7.375
2180,2180,2021-07-05,7.441666666666666
2181,2181,2021-07-06,6.816666666666666
2182,2182,2021-07-07,8.525
2183,2183,2021-07-08,6.325
2184,2184,2021-07-09,7.2
2185,2185,2021-07-10,6.816666666666666
2186,2186,2021-07-11,6.083333333333334
2187,2187,2021-07-12,5.733333333333333
2188,2188,2021-07-13,6.383333333333333
2189,2189,2021-07-14,6.158333333333333
2190,2190,2021-07-15,6.433333333333333
2191,2191,2021-07-16,5.866666666666666
2192,2192,2021-07-17,6.183333333333334
2193,2193,2021-07-18,7.55
2194,2194,2021-07-19,6.9
2195,2195,2021-07-20,7.291666666666666
2196,2196,2021-07-21,7.758333333333334
2197,2197,2021-07-22,7.133333333333333
2198,2198,2021-07-23,7.55
2199,2199,2021-07-24,8.0
2200,2200,2021-07-25,5.775
2201,2201,2021-07-26,8.1
2202,2202,2021-07-27,5.3
2203,2203,2021-07-28,7.383333333333333
2204,2204,2021-07-29,6.958333333333333
2205,2205,2021-07-30,6.666666666666666
2206,2206,2021-07-31,6.7250000000000005
2207,2207,2021-08-01,6.75
2208,2208,2021-08-02,6.616666666666666
2209,2209,2021-08-03,5.675
2210,2210,2021-08-04,8.766666666666666
2211,2211,2021-08-05,7.2666666666666675
2212,2212,2021-08-06,5.691666666666666
2213,2213,2021-08-07,7.9
2214,2214,2021-08-08,7.2
2215,2215,2021-08-09,6.225
2216,2216,2021-08-10,6.166666666666666
2217,2217,2021-08-11,5.058333333333334
2218,2218,2021-08-12,7.991666666666667
2219,2219,2021-08-13,7.275
2220,2220,2021-08-14,4.858333333333333
2221,2221,2021-08-15,9.066666666666666
2222,2222,2021-08-16,5.55
2223,2223,2021-08-17,6.641666666666667
2224,2224,2021-08-18,8.558333333333334
2225,2225,2021-08-19,7.016666666666666
2226,2226,2021-08-20,5.775
2227,2227,2021-08-21,7.833333333333333
2228,2228,2021-08-22,8.266666666666667
2229,2229,2021-08-23,7.283333333333332
2230,2230,2021-08-24,5.391666666666667
2231,2231,2021-08-25,6.216666666666667
2232,2232,2021-08-26,7.141666666666667
2233,2233,2021-08-28,6.875
2234,2234,2021-08-29,6.824999999999999
2235,2235,2021-08-30,7.033333333333333
2236,2236,2021-08-31,7.041666666666666
2237,2237,2021-09-01,7.4
2238,2238,2021-09-02,7.191666666666666
2239,2239,2021-09-03,5.7
2240,2240,2021-09-04,8.65
2241,2241,2021-09-06,7.175000000000001
2242,2242,2021-09-07,7.391666666666667
2243,2243,2021-09-08,6.425000000000001
2244,2244,2021-09-09,7.258333333333334
2245,2245,2021-09-10,6.308333333333334
2246,2246,2021-09-11,6.608333333333333
2247,2247,2021-09-12,8.408333333333333
2248,2248,2021-09-13,7.233333333333333
2249,2249,2021-09-15,6.316666666666666
2250,2250,2021-09-16,7.725
2251,2251,2021-09-17,5.983333333333333
2252,2252,2021-09-18,6.983333333333333
2253,2253,2021-09-19,5.591666666666667
2254,2254,2021-09-20,7.775
2255,2255,2021-09-21,6.45
2256,2256,2021-09-22,6.491666666666666
2257,2257,2021-09-23,6.108333333333333
2258,2258,2021-09-24,6.033333333333333
2259,2259,2021-09-25,6.658333333333333
2260,2260,2021-09-26,6.291666666666667
2261,2261,2021-09-27,5.783333333333333
2262,2262,2021-09-28,8.166666666666666
2263,2263,2021-09-29,6.05
2264,2264,2021-09-30,7.191666666666666
2265,2265,2021-10-01,7.45
2266,2266,2021-10-02,6.583333333333333
2267,2267,2021-10-03,7.566666666666666
2268,2268,2021-10-04,7.533333333333333
2269,2269,2021-10-05,6.791666666666667
2270,2270,2021-10-06,6.983333333333333
2271,2271,2021-10-07,6.7
2272,2272,2021-10-08,8.375
2273,2273,2021-10-09,7.666666666666666
2274,2274,2021-10-10,8.333333333333334
2275,2275,2021-10-11,6.608333333333333
2276,2276,2021-10-12,6.216666666666667
2277,2277,2021-10-13,5.908333333333334
2278,2278,2021-10-14,7.625
2279,2279,2021-10-15,7.75
2280,2280,2021-10-16,6.199999999999999
2281,2281,2021-10-17,7.5166666666666675
2282,2282,2021-10-18,6.8
2283,2283,2021-10-19,7.891666666666667
2284,2284,2021-10-20,7.491666666666667
2285,2285,2021-10-21,7.425000000000001
2286,2286,2021-10-22,6.591666666666667
2287,2287,2021-10-23,7.058333333333334
2288,2288,2021-10-24,6.775
2289,2289,2021-10-25,7.691666666666666
2290,2290,2021-10-26,7.358333333333333
2291,2291,2021-10-27,5.775
2292,2292,2021-10-28,8.666666666666666
2293,2293,2021-10-29,8.508333333333333
2294,2294,2021-10-30,6.866666666666667
2295,2295,2021-10-31,6.3
2296,2296,2021-11-01,6.45
2297,2297,2021-11-02,6.458333333333333
2298,2298,2021-11-03,6.675
2299,2299,2021-11-04,6.775
2300,2300,2021-11-05,7.266666666666667
2301,2301,2021-11-06,5.941666666666666
2302,2302,2021-11-07,6.516666666666667
2303,2303,2021-11-08,6.391666666666667
2304,2304,2021-11-09,6.333333333333333
2305,2305,2021-11-10,7.341666666666667
2306,2306,2021-11-11,7.233333333333333
2307,2307,2021-11-12,7.433333333333334
2308,2308,2021-11-13,7.833333333333334
2309,2309,2021-11-14,8.975
2310,2310,2021-11-15,7.658333333333333
2311,2311,2021-11-16,5.641666666666667
2312,2312,2021-11-17,6.708333333333334
2313,2313,2021-11-18,7.7
2314,2314,2021-11-19,7.108333333333333
2315,2315,2021-11-20,7.274999999999999
2316,2316,2021-11-21,6.6
2317,2317,2021-11-22,7.216666666666667
2318,2318,2021-11-24,7.15
2319,2319,2021-11-25,7.241666666666666
2320,2320,2021-11-26,8.716666666666667
2321,2321,2021-11-27,6.341666666666667
2322,2322,2021-11-28,7.158333333333333
2323,2323,2021-11-29,6.041666666666667
2324,2324,2021-11-30,5.833333333333333
2325,2325,2021-12-01,7.358333333333333
2326,2326,2021-12-02,7.55
2327,2327,2021-12-03,7.075
2328,2328,2021-12-04,6.141666666666667
2329,2329,2021-12-05,5.533333333333333
2330,2330,2021-12-06,6.133333333333334
2331,2331,2021-12-07,6.1
2332,2332,2021-12-08,6.141666666666667
2333,2333,2021-12-09,6.766666666666667
2334,2334,2021-12-10,5.8
2335,2335,2021-12-11,8.583333333333334
2336,2336,2021-12-12,6.8583333333333325
2337,2337,2021-12-13,7.008333333333334
2338,2338,2021-12-14,5.6
2339,2339,2021-12-15,6.733333333333333
2340,2340,2021-12-16,5.933333333333334
2341,2341,2021-12-17,7.725
2342,2342,2021-12-18,7.9
2343,2343,2021-12-19,5.716666666666667
2344,2344,2021-12-20,6.783333333333333
2345,2345,2021-12-21,6.575
2346,2346,2021-12-22,6.15
2347,2347,2021-12-23,7.433333333333334
2348,2348,2021-12-24,5.233333333333333
2349,2349,2021-12-25,7.933333333333334
2350,2350,2021-12-26,3.85
2351,2351,2021-12-29,6.175000000000001
2352,2352,2021-12-30,5.158333333333333
2353,2353,2021-12-31,5.908333333333333
